Time,Extension,Load
(sec),(mm),(N)
0.00000,0.00000,1.82243
0.10000,0.07594,2.14176
0.20000,0.16469,2.38588
0.30000,0.24925,2.47305
0.40000,0.33306,2.57864
0.50000,0.41669,2.80958
0.60000,0.49994,2.79949
0.70000,0.58331,2.88573
0.80000,0.66675,3.13420
0.90000,0.74994,3.14724
1.00000,0.83337,3.46755
1.10000,0.91675,3.40361
1.20000,0.99994,3.31447
1.30000,1.08337,3.52086
1.40000,1.16675,3.86940
1.50000,1.24987,3.72166
1.60000,1.33331,3.94143
1.70000,1.41669,4.08451
1.80000,1.49987,4.11302
1.90000,1.58331,4.12777
2.00000,1.66669,4.04095
2.10000,1.75000,4.32916
2.20000,1.83337,4.35851
2.30000,1.91681,4.50507
2.40000,1.99994,4.57740
2.50000,2.08337,4.44578
2.60000,2.16662,4.82161
2.70000,2.24987,4.70244
2.80000,2.33337,4.74703
2.90000,2.41675,5.01144
3.00000,2.49994,4.89864
3.10000,2.58337,5.09234
3.20000,2.66675,5.25021
3.30000,2.74994,5.09096
3.40000,2.83331,5.19808
3.50000,2.91675,5.47189
3.60000,2.99994,5.31254
3.70000,3.08331,5.54279
3.80000,3.16675,5.42544
3.90000,3.24987,5.67583
4.00000,3.33331,5.49350
4.10000,3.41669,5.92524
4.20000,3.49994,5.71625
4.30000,3.58337,5.66701
4.40000,3.66681,5.75222
4.50000,3.74994,6.11428
4.60000,3.83337,5.79588
4.70000,3.91675,6.04984
4.80000,3.99994,6.05215
4.90000,4.08331,6.23923
5.00000,4.16675,6.30587
5.10000,4.24987,6.25231
5.20000,4.33337,6.42724
5.30000,4.41675,6.35340
5.40000,4.49994,6.46850
5.50000,4.58337,6.53425
5.60000,4.66669,6.48075
5.70000,4.75000,6.51318
5.80000,4.83331,6.47158
5.90000,4.91675,6.71423
6.00000,4.99987,6.72780
6.10000,5.08331,6.67640
6.20000,5.16675,6.67268
6.30000,5.24994,6.82482
6.40000,5.33337,6.88166
6.50000,5.41675,7.09055
6.60000,5.50000,7.16096
6.70000,5.58337,6.86339
6.80000,5.66675,7.18056
6.90000,5.74994,7.00568
7.00000,5.83331,7.22099
7.10000,5.91669,7.34839
7.20000,5.99994,7.29360
7.30000,6.08331,7.33447
7.40000,6.16675,7.20354
7.50000,6.24994,7.68619
7.60000,6.33337,7.44658
7.70000,6.41669,7.44129
7.80000,6.49994,7.54179
7.90000,6.58331,7.53713
8.00000,6.66675,7.44281
8.10000,6.74994,7.54806
8.20000,6.83331,7.66958
8.30000,6.91675,7.75959
8.40000,6.99987,7.66894
8.50000,7.08331,7.92022
8.60000,7.16675,8.01371
8.70000,7.24994,7.71476
8.80000,7.33337,7.90581
8.90000,7.41675,7.83990
9.00000,7.49994,8.00582
9.10000,7.58331,8.00322
9.20000,7.66669,8.09220
9.30000,7.74987,8.08245
9.40000,7.83331,8.11391
9.50000,7.91675,8.08828
9.60000,7.99987,8.16962
9.70000,8.08337,8.20574
9.80000,8.16681,8.18442
9.90000,8.25000,8.46103
10.00000,8.33331,8.31011
10.10000,8.41675,8.30952
10.20000,8.49981,8.37773
10.30000,8.58325,8.44001
10.40000,8.66669,8.40159
10.50000,8.74994,8.38919
10.60000,8.83331,8.49444
10.70000,8.91675,8.41306
10.80000,8.99987,8.70941
10.90000,9.08337,8.75213
11.00000,9.16675,8.82461
11.10000,9.24994,8.78291
11.20000,9.33337,8.68412
11.30000,9.41669,8.83774
11.40000,9.49994,8.84097
11.50000,9.58325,8.87890
11.60000,9.66669,8.76556
11.70000,9.74987,8.94407
11.80000,9.83337,8.75414
11.90000,9.91675,9.04819
12.00000,10.00000,8.96014
12.10000,10.08331,9.23910
12.20000,10.16675,9.09440
12.30000,10.24994,9.03334
12.40000,10.33337,8.98523
12.50000,10.41669,9.21028
12.60000,10.49994,8.99071
12.70000,10.58331,9.12669
12.80000,10.66669,9.22454
12.90000,10.74994,9.03080
13.00000,10.83331,9.21852
13.10000,10.91675,9.28907
13.20000,10.99994,9.38609
13.30000,11.08337,9.49247
13.40000,11.16669,9.21484
13.50000,11.24987,9.60316
13.60000,11.33331,9.26781
13.70000,11.41675,9.42412
13.80000,11.49987,9.41192
13.90000,11.58331,9.41623
14.00000,11.66675,9.58048
14.10000,11.74994,9.71630
14.20000,11.83337,9.50585
14.30000,11.91675,9.64222
14.40000,11.99987,9.74796
14.50000,12.08331,9.64903
14.60000,12.16669,9.72591
14.70000,12.24987,9.68088
14.80000,12.33337,9.75786
14.90000,12.41675,9.96699
15.00000,12.50000,9.92152
15.10000,12.58337,9.87864
15.20000,12.66675,9.79975
15.30000,12.74994,9.99448
15.40000,12.83337,9.91402
15.50000,12.91675,10.05254
15.60000,12.99994,10.09909
15.70000,13.08331,10.05073
15.80000,13.16675,9.98492
15.90000,13.24987,9.91039
16.00000,13.33331,9.97723
16.10000,13.41675,10.22723
16.20000,13.49994,10.19660
16.30000,13.58337,10.27980
16.40000,13.66681,10.35835
16.50000,13.74987,10.28436
16.60000,13.83331,10.34845
16.70000,13.91675,10.25427
16.80000,13.99987,10.36923
16.90000,14.08331,10.54489
17.00000,14.16675,10.47458
17.10000,14.25000,10.58277
17.20000,14.33337,10.61457
17.30000,14.41675,10.56773
17.40000,14.50000,10.60438
17.50000,14.58331,10.57130
17.60000,14.66669,10.88603
17.70000,14.74994,10.66406
17.80000,14.83331,10.68631
17.90000,14.91669,10.69674
18.00000,14.99994,10.68141
18.10000,15.08331,10.75231
18.20000,15.16675,10.64078
18.30000,15.24994,10.85477
18.40000,15.33331,10.92699
18.50000,15.41675,10.83169
18.60000,15.50000,10.98618
18.70000,15.58337,11.10285
18.80000,15.66675,10.95105
18.90000,15.74987,11.14181
19.00000,15.83337,11.14744
19.10000,15.91668,11.11476
19.20000,15.99994,10.91072
19.30000,16.08337,11.08791
19.40000,16.16675,11.15215
19.50000,16.25000,11.26646
19.60000,16.33337,11.09379
19.70000,16.41675,11.25118
19.80000,16.49987,11.50578
19.90000,16.58331,11.15626
20.00000,16.66675,11.45722
20.10000,16.74994,11.24897
20.20000,16.83337,11.53645
20.30000,16.91675,11.36407
20.40000,16.99987,11.52435
20.50000,17.08331,11.66763
20.60000,17.16669,11.48236
20.70000,17.24993,11.59599
20.80000,17.33337,11.54630
20.90000,17.41681,11.71021
21.00000,17.49994,11.80453
21.10000,17.58331,11.95050
21.20000,17.66675,11.65763
21.30000,17.74987,11.77023
21.40000,17.83337,11.63308
21.50000,17.91675,11.96726
21.60000,17.99993,11.81350
21.70000,18.08331,11.96750
21.80000,18.16675,11.90920
21.90000,18.24987,11.98353
22.00000,18.33331,12.02474
22.10000,18.41668,12.01881
22.20000,18.49987,12.26680
22.30000,18.58337,12.02366
22.40000,18.66681,12.11642
22.50000,18.74994,12.10402
22.60000,18.83337,12.35152
22.70000,18.91675,12.38327
22.80000,18.99993,12.26469
22.90000,19.08331,12.38645
23.00000,19.16662,12.44138
23.10000,19.24993,12.31927
23.20000,19.33331,12.34632
23.30000,19.41675,12.49896
23.40000,19.49994,12.42369
23.50000,19.58337,12.57887
23.60000,19.66675,12.38111
23.70000,19.74993,12.65061
23.80000,19.83337,12.49641
23.90000,19.91675,12.68065
24.00000,19.99993,12.87155
24.10000,20.08331,12.59407
24.20000,20.16675,12.88640
24.30000,20.24994,12.87033
24.40000,20.33331,13.13448
24.50000,20.41668,12.86224
24.60000,20.49993,13.06294
24.70000,20.58337,13.06760
24.80000,20.66675,12.98768
24.90000,20.74993,13.02600
25.00000,20.83337,13.24400
25.10000,20.91669,13.04442
25.20000,20.99993,13.18897
25.30000,21.08337,13.42074
25.40000,21.16675,13.32269
25.50000,21.24987,13.37066
25.60000,21.33331,13.41805
25.70000,21.41675,13.47538
25.80000,21.49994,13.43637
25.90000,21.58331,13.66305
26.00000,21.66675,13.47601
26.10000,21.74993,13.44505
26.20000,21.83337,13.64202
26.30000,21.91668,13.64046
26.40000,21.99987,13.71503
26.50000,22.08331,13.81548
26.60000,22.16668,13.85096
26.70000,22.24993,13.95195
26.80000,22.33337,13.79936
26.90000,22.41681,13.93735
27.00000,22.49993,13.94529
27.10000,22.58337,14.04980
27.20000,22.66675,14.16515
27.30000,22.74993,13.86076
27.40000,22.83325,14.08934
27.50000,22.91668,14.02212
27.60000,22.99994,13.87272
27.70000,23.08337,13.99747
27.80000,23.16675,14.17887
27.90000,23.24993,14.29813
28.00000,23.33337,14.19602
28.10000,23.41675,14.31714
28.20000,23.49993,14.18122
28.30000,23.58337,14.31190
28.40000,23.66681,14.15255
28.50000,23.74987,14.34076
28.60000,23.83331,14.39265
28.70000,23.91668,14.39045
28.80000,23.99993,14.48507
28.90000,24.08331,14.39270
29.00000,24.16675,14.55205
29.10000,24.25000,14.70174
29.20000,24.33343,14.76525
29.30000,24.41674,14.65750
29.40000,24.49993,14.69435
29.50000,24.58331,14.50486
29.60000,24.66668,14.58895
29.70000,24.74987,14.62207
29.80000,24.83331,14.67930
29.90000,24.91675,14.58762
30.00000,24.99999,14.76745
30.10000,25.08337,14.86006
30.20000,25.16675,14.65152
30.30000,25.24993,14.87961
30.40000,25.33331,14.62526
30.50000,25.41675,15.01956
30.60000,25.49981,14.84982
30.70000,25.58331,14.72144
30.80000,25.66668,14.95405
30.90000,25.74987,14.93376
31.00000,25.83337,15.05675
31.10000,25.91675,15.07047
31.20000,25.99993,15.02039
31.30000,26.08337,15.16891
31.40000,26.16675,14.80641
31.50000,26.24993,15.03558
31.60000,26.33331,15.19566
31.70000,26.41669,15.09511
31.80000,26.49987,15.09575
31.90000,26.58331,15.06086
32.00000,26.66668,15.08438
32.10000,26.74993,15.14417
32.20000,26.83337,14.99187
32.30000,26.91675,15.25437
32.40000,26.99994,15.20870
32.50000,27.08331,15.49167
32.60000,27.16674,15.55253
32.70000,27.24993,15.16078
32.80000,27.33337,15.25775
32.90000,27.41675,15.48300
33.00000,27.49993,15.23070
33.10000,27.58331,15.33100
33.20000,27.66668,15.27612
33.30000,27.74993,15.40220
33.40000,27.83337,15.49912
33.50000,27.91675,15.46698
33.60000,28.00000,15.47413
33.70000,28.08337,15.53337
33.80000,28.16675,15.62686
33.90000,28.24987,15.62118
34.00000,28.33331,15.62245
34.10000,28.41668,15.64676
34.20000,28.49987,15.72912
34.30000,28.58337,15.72780
34.40000,28.66675,15.77528
34.50000,28.74993,15.72011
34.60000,28.83331,15.67121
34.70000,28.91675,15.59604
34.80000,28.99987,15.85981
34.90000,29.08331,15.61108
35.00000,29.16669,15.93850
35.10000,29.24993,15.86726
35.20000,29.33337,15.68664
35.30000,29.41681,15.97809
35.40000,29.49993,15.94512
35.50000,29.58337,15.97755
35.60000,29.66675,15.99862
35.70000,29.74994,16.00470
35.80000,29.83337,15.99696
35.90000,29.91674,15.84589
36.00000,29.99993,15.92850
36.10000,30.08331,15.95923
36.20000,30.16668,16.00039
36.30000,30.24987,16.07894
36.40000,30.33337,16.01386
36.50000,30.41675,16.19070
36.60000,30.49993,16.10711
36.70000,30.58337,15.95144
36.80000,30.66675,16.22290
36.90000,30.74987,15.97608
37.00000,30.83325,16.08369
37.10000,30.91668,16.34094
37.20000,30.99993,16.06928
37.30000,31.08331,16.05566
37.40000,31.16675,16.34040
37.50000,31.24993,16.36965
37.60000,31.33337,16.34251
37.70000,31.41674,16.34383
37.80000,31.49993,16.36299
37.90000,31.58331,16.21604
38.00000,31.66674,16.41228
38.10000,31.74993,16.49705
38.20000,31.83331,16.53983
38.30000,31.91675,16.30262
38.40000,31.99993,16.46182
38.50000,32.08331,16.57800
38.60000,32.16675,16.27626
38.70000,32.24999,16.61916
38.80000,32.33331,16.57731
38.90000,32.41675,16.37994
39.00000,32.49993,16.54909
39.10000,32.58331,16.55213
39.20000,32.66668,16.64576
39.30000,32.74993,16.39988
39.40000,32.83331,16.58594
39.50000,32.91674,16.64792
39.60000,32.99993,16.67061
39.70000,33.08337,16.71290
39.80000,33.16681,16.49896
39.90000,33.24993,16.74867
40.00000,33.33331,16.66997
40.10000,33.41668,16.70530
40.20000,33.49993,16.86220
40.30000,33.58331,16.70897
40.40000,33.66675,16.72368
40.50000,33.74993,16.71858
40.60000,33.83337,16.94236
40.70000,33.91668,16.92947
40.80000,33.99981,16.87641
40.90000,34.08331,16.92134
41.00000,34.16675,16.97980
41.10000,34.24987,16.89459
41.20000,34.33343,16.83510
41.30000,34.41668,16.77527
41.40000,34.49987,16.86234
41.50000,34.58331,16.95402
41.60000,34.66668,17.04433
41.70000,34.74993,17.02733
41.80000,34.83337,17.07304
41.90000,34.91681,17.00214
42.00000,34.99993,16.87557
42.10000,35.08337,17.05016
42.20000,35.16668,16.95868
42.30000,35.24987,17.15801
42.40000,35.33331,17.22994
42.50000,35.41674,17.24459
42.60000,35.49987,17.09416
42.70000,35.58331,17.36988
42.80000,35.66675,17.10676
42.90000,35.75000,17.12729
43.00000,35.83337,17.17732
43.10000,35.91675,17.43128
43.20000,35.99993,17.26434
43.30000,36.08324,17.33505
43.40000,36.16675,17.58058
43.50000,36.24993,17.35112
43.60000,36.33337,17.38213
43.70000,36.41674,17.47822
43.80000,36.49993,17.33759
43.90000,36.58337,17.44662
44.00000,36.66674,17.33642
44.10000,36.74993,17.61645
44.20000,36.83337,17.53394
44.30000,36.91674,17.51247
44.40000,36.99993,17.55339
44.50000,37.08331,17.41021
44.60000,37.16668,17.41095
44.70000,37.24987,17.42006
44.80000,37.33337,17.57588
44.90000,37.41675,17.79966
45.00000,37.49993,17.87297
45.10000,37.58331,17.81843
45.20000,37.66675,17.64595
45.30000,37.74993,17.62748
45.40000,37.83331,17.62958
45.50000,37.91675,17.85229
45.60000,37.99993,17.93147
45.70000,38.08331,17.66310
45.80000,38.16668,18.05260
45.90000,38.24993,17.76081
46.00000,38.33331,17.91275
46.10000,38.41674,17.75130
46.20000,38.49993,17.92128
46.30000,38.58343,17.98483
46.40000,38.66674,17.83014
46.50000,38.74987,17.97797
46.60000,38.83331,17.94911
46.70000,38.91668,18.14095
46.80000,38.99987,18.05074
46.90000,39.08331,18.02418
47.00000,39.16668,18.08264
47.10000,39.24993,18.10591
47.20000,39.33337,18.15525
47.30000,39.41674,17.97538
47.40000,39.49993,17.97935
47.50000,39.58330,18.32543
47.60000,39.66675,18.07411
47.70000,39.74987,18.16652
47.80000,39.83330,18.26786
47.90000,39.91674,18.38129
48.00000,39.99987,18.32553
48.10000,40.08331,18.43411
48.20000,40.16674,18.09920
48.30000,40.24993,18.42789
48.40000,40.33331,18.33812
48.50000,40.41674,18.51085
48.60000,40.49993,18.31186
48.70000,40.58330,18.49722
48.80000,40.66681,18.36056
48.90000,40.74987,18.52187
49.00000,40.83330,18.55553
49.10000,40.91674,18.54289
49.20000,40.99987,18.39085
49.30000,41.08337,18.57597
49.40000,41.16681,18.46038
49.50000,41.24993,18.44871
49.60000,41.33331,18.55392
49.70000,41.41674,18.52638
49.80000,41.49993,18.57322
49.90000,41.58324,18.66941
50.00000,41.66674,18.62404
50.10000,41.74993,18.67798
50.20000,41.83337,18.71547
50.30000,41.91674,18.84674
50.40000,41.99993,18.78770
50.50000,42.08343,18.79936
50.60000,42.16674,18.81881
50.70000,42.24993,18.83807
50.80000,42.33337,18.88437
50.90000,42.41674,18.94445
51.00000,42.49987,18.78853
51.10000,42.58330,18.92847
51.20000,42.66674,18.84610
51.30000,42.74987,18.87104
51.40000,42.83337,19.18758
51.50000,42.91675,19.07807
51.60000,42.99993,18.90882
51.70000,43.08343,19.18518
51.80000,43.16675,19.03916
51.90000,43.24993,19.05112
52.00000,43.33337,19.32958
52.10000,43.41668,18.93812
52.20000,43.49987,19.26045
52.30000,43.58331,19.23379
52.40000,43.66674,19.20904
52.50000,43.74993,19.34296
52.60000,43.83331,19.18371
52.70000,43.91674,19.25785
52.80000,43.99993,19.14074
52.90000,44.08337,19.13702
53.00000,44.16668,19.48834
53.10000,44.24993,19.26716
53.20000,44.33337,19.28127
53.30000,44.41674,19.39804
53.40000,44.49987,19.29857
53.50000,44.58318,19.29342
53.60000,44.66674,19.38074
53.70000,44.74993,19.40509
53.80000,44.83337,19.43783
53.90000,44.91681,19.54538
54.00000,44.99999,19.47516
54.10000,45.08330,19.50295
54.20000,45.16668,19.71874
54.30000,45.24987,19.47105
54.40000,45.33330,19.54063
54.50000,45.41674,19.81674
54.60000,45.49993,19.72041
54.70000,45.58337,19.58482
54.80000,45.66681,19.69875
54.90000,45.74993,19.58149
55.00000,45.83337,19.71257
55.10000,45.91674,19.76122
55.20000,45.99987,19.73942
55.30000,46.08330,19.78323
55.40000,46.16668,19.71139
55.50000,46.24993,19.86496
55.60000,46.33330,19.85354
55.70000,46.41674,19.93047
55.80000,46.49993,19.91822
55.90000,46.58337,19.82228
56.00000,46.66674,20.01480
56.10000,46.74993,20.12701
56.20000,46.83337,20.05988
56.30000,46.91674,20.07869
56.40000,46.99986,20.02783
56.50000,47.08331,20.14896
56.60000,47.16674,20.12789
56.70000,47.24993,20.05370
56.80000,47.33331,20.07458
56.90000,47.41680,20.01813
57.00000,47.49993,20.26553
57.10000,47.58331,20.08163
57.20000,47.66674,20.24848
57.30000,47.74987,20.05331
57.40000,47.83330,20.31620
57.50000,47.91668,20.34569
57.60000,47.99987,20.51577
57.70000,48.08330,20.22344
57.80000,48.16674,20.41616
57.90000,48.24993,20.53542
58.00000,48.33330,20.42723
58.10000,48.41674,20.43982
58.20000,48.49993,20.46996
58.30000,48.58330,20.58535
58.40000,48.66675,20.29973
58.50000,48.74987,20.43311
58.60000,48.83330,20.57820
58.70000,48.91668,20.60490
58.80000,48.99987,20.46427
58.90000,49.08337,20.63876
59.00000,49.16674,20.51014
59.10000,49.24993,20.62029
59.20000,49.33331,20.70423
59.30000,49.41680,20.86264
59.40000,49.49987,20.49113
59.50000,49.58331,20.77111
59.60000,49.66668,20.67007
59.70000,49.74993,20.68884
59.80000,49.83330,20.63514
59.90000,49.91674,20.69776
60.00000,49.99993,20.76763
60.10000,50.08337,20.81756
60.20000,50.16674,20.89944
60.30000,50.24993,20.89861
60.40000,50.33331,21.05016
60.50000,50.41674,20.98906
60.60000,50.49993,20.95040
60.70000,50.58337,20.90733
60.80000,50.66680,20.93306
60.90000,50.74987,21.08603
61.00000,50.83337,21.18692
61.10000,50.91668,21.14880
61.20000,50.99993,20.98475
61.30000,51.08330,21.07084
61.40000,51.16674,21.10274
61.50000,51.24993,21.42942
61.60000,51.33336,21.45731
61.70000,51.41668,21.04277
61.80000,51.49987,21.35186
61.90000,51.58337,21.33740
62.00000,51.66674,21.59029
62.10000,51.74993,21.45706
62.20000,51.83343,21.21505
62.30000,51.91674,21.47965
62.40000,51.99993,21.33662
62.50000,52.08337,21.36141
62.60000,52.16668,21.48489
62.70000,52.24986,21.31271
62.80000,52.33331,21.47901
62.90000,52.41674,21.60092
63.00000,52.49986,21.53732
63.10000,52.58337,21.49234
63.20000,52.66674,21.64022
63.30000,52.74993,21.59926
63.40000,52.83337,21.56153
63.50000,52.91674,21.51116
63.60000,52.99993,21.55276
63.70000,53.08324,21.64836
63.80000,53.16674,21.69589
63.90000,53.24987,21.63243
64.00000,53.33330,21.70706
64.10001,53.41674,21.90982
64.20000,53.49987,21.80981
64.30000,53.58336,21.95921
64.40000,53.66674,21.93001
64.50000,53.74993,21.60509
64.60001,53.83337,21.77458
64.70000,53.91668,21.88493
64.80000,53.99987,21.93804
64.90000,54.08330,21.97739
65.00000,54.16668,22.11861
65.10001,54.24987,22.08573
65.20000,54.33330,21.93251
65.30000,54.41674,22.12615
65.40000,54.49993,21.97621
65.50000,54.58331,22.20005
65.60001,54.66674,22.20029
65.70001,54.74993,22.27957
65.80000,54.83337,22.32279
65.90000,54.91674,22.26134
66.00000,54.99993,22.27849
66.10001,55.08331,22.22793
66.20001,55.16674,22.33675
66.30000,55.24993,22.49125
66.40000,55.33330,22.21489
66.50000,55.41674,22.54285
66.60001,55.49993,22.52364
66.70001,55.58337,22.45254
66.80000,55.66674,22.51810
66.90000,55.74993,22.51717
67.00000,55.83331,22.53035
67.10001,55.91668,22.47067
67.20001,55.99987,22.42309
67.30000,56.08330,22.62820
67.40000,56.16674,22.68671
67.50000,56.24993,22.55667
67.60001,56.33337,22.78628
67.70001,56.41674,22.66319
67.80000,56.49993,22.79333
67.90000,56.58330,22.61179
68.00000,56.66668,22.80833
68.10001,56.74993,22.51389
68.20001,56.83336,22.76526
68.30000,56.91674,22.80122
68.40000,56.99987,22.72616
68.50000,57.08337,23.00198
68.60001,57.16674,22.74997
68.70001,57.24987,22.59636
68.80000,57.33337,22.91760
68.90000,57.41674,22.92220
69.00000,57.49993,23.08062
69.10001,57.58330,22.88604
69.20001,57.66674,22.87075
69.30000,57.74986,23.00492
69.40000,57.83324,22.94460
69.50000,57.91674,23.01467
69.60001,57.99993,23.10066
69.70001,58.08337,23.07616
69.80000,58.16680,23.21042
69.90000,58.24993,23.28916
70.00000,58.33331,23.40240
70.10001,58.41674,23.28314
70.20001,58.49987,23.37021
70.30000,58.58331,23.21606
70.40000,58.66674,23.41397
70.50000,58.74993,23.34929
70.60001,58.83330,23.24957
70.70001,58.91674,23.33277
70.80000,58.99993,23.49883
70.90000,59.08336,23.18136
71.00000,59.16681,23.61036
71.10001,59.24999,23.42631
71.20001,59.33330,23.53603
71.30000,59.41662,23.59889
71.40000,59.49981,23.52456
71.50000,59.58330,23.53647
71.60001,59.66668,23.43386
71.70001,59.74993,23.67695
71.80000,59.83337,23.59669
71.90000,59.91681,23.82272
72.00000,59.99999,23.69474
72.10001,60.08337,23.80352
72.20001,60.16674,23.76471
72.30000,60.24993,23.71781
72.40000,60.33331,23.82145
72.50000,60.41668,23.83277
72.60001,60.49987,23.76525
72.70001,60.58331,23.80160
72.80000,60.66674,23.93753
72.90000,60.74993,23.73908
73.00000,60.83337,23.98271
73.10001,60.91668,24.02132
73.20001,60.99987,23.94155
73.30000,61.08337,24.08752
73.40000,61.16674,24.11952
73.50000,61.24993,24.07615
73.60001,61.33331,24.07238
73.70001,61.41668,24.05361
73.80000,61.49987,24.28210
73.90000,61.58330,24.26661
74.00000,61.66674,24.10849
74.10001,61.74993,24.06145
74.20001,61.83343,24.48030
74.30000,61.91674,24.30062
74.40000,61.99993,24.34972
74.50000,62.08330,24.36956
74.60001,62.16668,24.32571
74.70001,62.24987,24.22668
74.80000,62.33331,24.39440
74.90000,62.41681,24.39421
75.00000,62.49993,24.37044
75.10001,62.58330,24.27602
75.20001,62.66674,24.61995
75.30000,62.74993,24.44061
75.40000,62.83330,24.54204
75.50000,62.91674,24.50995
75.60001,62.99987,24.61373
75.70001,63.08330,24.43066
75.80000,63.16680,24.60285
75.90000,63.24986,24.74451
76.00000,63.33336,24.76337
76.10001,63.41674,24.70546
76.20001,63.49993,24.72750
76.30000,63.58337,24.84496
76.40000,63.66680,24.74382
76.50000,63.74992,24.73133
76.60001,63.83331,24.89258
76.70001,63.91668,24.73461
76.80000,63.99986,24.81433
76.90000,64.08330,24.79498
77.00000,64.16667,24.87029
77.10001,64.24987,25.10206
77.20001,64.33337,25.17115
77.30000,64.41674,25.06923
77.40000,64.49993,24.95991
77.50000,64.58330,24.92919
77.60001,64.66674,25.06908
77.70001,64.74993,25.03037
77.80000,64.83330,25.18120
77.90000,64.91674,25.12940
78.00000,64.99992,25.20589
78.10001,65.08330,25.35397
78.20001,65.16674,25.48695
78.30000,65.24993,25.16963
78.40000,65.33337,25.10230
78.50000,65.41674,25.34471
78.60001,65.49993,25.23083
78.70001,65.58336,25.44873
78.80000,65.66674,25.57956
78.90000,65.74986,25.51807
79.00000,65.83330,25.39562
79.10001,65.91674,25.55604
79.20001,65.99993,25.57609
79.30000,66.08337,25.54134
79.40000,66.16674,25.50753
79.50000,66.24993,25.72088
79.60001,66.33336,25.54335
79.70001,66.41667,25.82275
79.80000,66.49987,25.52586
79.90000,66.58330,25.72328
80.00000,66.66674,25.65404
80.10001,66.74992,25.67933
80.20001,66.83336,25.90649
80.30000,66.91680,25.72490
80.40000,66.99993,26.07030
80.50001,67.08330,25.89581
80.60001,67.16674,25.75395
80.70001,67.24992,25.80702
80.80000,67.33330,25.90429
80.90000,67.41674,25.86597
81.00001,67.49993,26.03340
81.10001,67.58337,26.01728
81.20001,67.66674,26.03987
81.30000,67.74993,26.04506
81.40000,67.83336,26.01929
81.50001,67.91674,26.20897
81.60001,67.99986,26.24787
81.70001,68.08336,26.22617
81.80000,68.16674,26.03590
81.90000,68.24993,26.11988
82.00001,68.33330,26.16055
82.10001,68.41668,26.37978
82.20001,68.49993,26.30917
82.30000,68.58330,26.05035
82.40000,68.66674,26.44814
82.50001,68.74999,26.38194
82.60001,68.83337,26.27237
82.70001,68.91668,26.48258
82.80000,68.99986,26.59964
82.90000,69.08331,26.37968
83.00001,69.16674,26.51316
83.10001,69.24986,26.49669
83.20001,69.33337,26.74841
83.30000,69.41668,26.65325
83.40000,69.49992,26.47773
83.50001,69.58331,26.77751
83.60001,69.66680,26.54133
83.70001,69.74999,26.57235
83.80000,69.83336,26.61576
83.90000,69.91674,26.64776
84.00001,69.99987,26.80902
84.10001,70.08330,26.64457
84.20001,70.16668,26.87796
84.30000,70.24986,26.88634
84.40000,70.33330,26.80035
84.50001,70.41674,27.05289
84.60001,70.49993,26.75830
84.70001,70.58337,26.99257
84.80000,70.66674,26.93774
84.90000,70.74993,27.09875
85.00001,70.83336,26.91182
85.10001,70.91674,27.11056
85.20001,70.99986,27.11586
85.30000,71.08337,27.04667
85.40000,71.16674,27.01825
85.50001,71.24993,27.24282
85.60001,71.33336,27.19778
85.70001,71.41668,27.07347
85.80000,71.49993,27.39648
85.90000,71.58330,27.33680
86.00001,71.66680,27.21836
86.10001,71.74992,27.40104
86.20001,71.83337,27.30838
86.30000,71.91674,27.46278
86.40000,71.99986,27.50060
86.50001,72.08330,27.40354
86.60001,72.16674,27.40104
86.70001,72.24993,27.51912
86.80000,72.33337,27.46719
86.90000,72.41674,27.61713
87.00001,72.49992,27.67823
87.10001,72.58330,27.56401
87.20001,72.66674,27.62050
87.30000,72.74986,27.80538
87.40000,72.83330,27.55122
87.50001,72.91668,27.67362
87.60001,72.99987,27.80857
87.70001,73.08330,27.78436
87.80000,73.16674,27.63344
87.90000,73.24993,27.92788
88.00001,73.33330,27.81837
88.10001,73.41674,27.82778
88.20001,73.49993,27.70229
88.30000,73.58336,27.79347
88.40000,73.66674,28.03196
88.50001,73.74987,27.87413
88.60001,73.83336,27.91686
88.70001,73.91674,27.90221
88.80000,73.99987,28.06714
88.90000,74.08337,27.98864
89.00001,74.16674,28.10874
89.10001,74.24993,28.03009
89.20001,74.33336,28.00148
89.30000,74.41680,28.31449
89.40000,74.49986,28.21404
89.50001,74.58330,28.24760
89.60001,74.66668,28.40504
89.70001,74.74986,28.28132
89.80000,74.83337,28.06307
89.90000,74.91674,28.17998
90.00001,74.99993,28.18587
90.10001,75.08336,28.30905
90.20001,75.16674,28.45497
90.30000,75.24987,28.22683
90.40000,75.33330,28.37373
90.50001,75.41674,28.55778
90.60001,75.49986,28.68556
90.70001,75.58330,28.79263
90.80000,75.66674,28.48619
90.90000,75.74987,28.59296
91.00001,75.83336,28.46208
91.10001,75.91674,28.86985
91.20001,75.99999,28.74309
91.30000,76.08343,28.60820
91.40000,76.16674,28.66763
91.50001,76.24993,28.74941
91.60001,76.33330,28.75373
91.70001,76.41661,28.69458
91.80000,76.49980,28.70272
91.90000,76.58330,28.84957
92.00001,76.66667,28.85555
92.10001,76.74999,29.02670
92.20001,76.83337,29.06237
92.30000,76.91674,28.92929
92.40000,76.99999,28.88598
92.50001,77.08337,28.88671
92.60001,77.16674,28.98937
92.70001,77.24993,29.08766
92.80000,77.33330,28.91998
92.90000,77.41674,29.06399
93.00001,77.49987,29.01720
93.10001,77.58330,29.13318
93.20001,77.66674,29.13769
93.30000,77.74986,28.96923
93.40000,77.83336,29.23623
93.50001,77.91668,29.24367
93.60001,77.99999,29.26862
93.70001,78.08330,29.29753
93.80000,78.16673,29.29512
93.90000,78.24986,29.40684
94.00001,78.33330,29.32585
94.10001,78.41667,29.44438
94.20001,78.49980,29.45232
94.30000,78.58337,29.42821
94.40000,78.66674,29.34319
94.50001,78.74993,29.50019
94.60001,78.83336,29.59731
94.70001,78.91674,29.61151
94.80000,78.99993,29.55360
94.90000,79.08330,29.67923
95.00001,79.16667,29.58991
95.10001,79.24986,29.63803
95.20001,79.33336,29.76121
95.30000,79.41674,29.58893
95.40000,79.49986,29.76552
95.50001,79.58336,29.71437
95.60001,79.66674,29.83897
95.70001,79.74993,29.75371
95.80000,79.83330,29.92394
95.90000,79.91673,29.84941
96.00001,79.99986,29.92845
96.10001,80.08324,29.85191
96.20001,80.16674,29.96250
96.30000,80.24986,30.06545
96.40000,80.33330,30.09598
96.50001,80.41673,30.10945
96.60001,80.49992,30.17555
96.70001,80.58337,30.07834
96.80000,80.66680,30.10735
96.90000,80.74992,30.26723
97.00001,80.83330,30.24925
97.10001,80.91667,30.22009
97.20001,80.99986,30.16894
97.30000,81.08330,30.28791
97.40000,81.16674,30.28036
97.50001,81.24992,30.24312
97.60001,81.33336,30.48891
97.70001,81.41668,30.47431
97.80000,81.49993,30.51331
97.90000,81.58330,30.33377
98.00001,81.66668,30.56015
98.10001,81.74992,30.59872
98.20001,81.83336,30.72073
98.30000,81.91674,30.51654
98.40000,81.99986,30.67854
98.50001,82.08336,30.46975
98.60001,82.16674,30.68515
98.70001,82.24992,30.56172
98.80000,82.33336,30.78751
98.90000,82.41673,30.79628
99.00001,82.49986,30.90443
99.10001,82.58330,30.67893
99.20001,82.66667,30.90604
99.30000,82.74986,30.87223
99.40000,82.83329,30.82402
99.50001,82.91674,30.97116
99.60001,82.99986,30.83166
99.70001,83.08343,31.01002
99.80000,83.16674,31.14129
99.90000,83.24986,30.96460
100.00001,83.33330,31.00404
100.10001,83.41667,30.71000
100.20001,83.49986,31.08043
100.30000,83.58336,31.32014
100.40000,83.66674,31.27001
100.50001,83.74986,31.07558
100.60001,83.83336,31.21126
100.70001,83.91674,31.00238
100.80000,83.99987,31.25419
100.90000,84.08336,31.23028
101.00001,84.16673,31.25928
101.10001,84.24993,31.37007
101.20001,84.33335,31.29388
101.30000,84.41674,31.44896
101.40000,84.49992,31.40560
101.50001,84.58330,31.27986
101.60001,84.66667,31.60635
101.70001,84.74993,31.43152
101.80000,84.83324,31.72292
101.90000,84.91674,31.56744
102.00001,84.99986,31.75345
102.10001,85.08337,31.48885
102.20001,85.16674,31.62365
102.30000,85.24993,31.60498
102.40000,85.33330,31.64810
102.50001,85.41674,31.70749
102.60001,85.49985,31.72630
102.70001,85.58337,31.96949
102.80000,85.66674,31.83175
102.90000,85.74992,31.87653
103.00001,85.83331,32.07993
103.10001,85.91673,31.73174
103.20001,85.99993,31.90878
103.30000,86.08330,31.92127
103.40000,86.16667,32.03515
103.50001,86.24992,32.01496
103.60001,86.33330,32.05680
103.70001,86.41661,32.20679
103.80000,86.49986,32.08620
103.90000,86.58336,32.25089
104.00001,86.66674,32.11409
104.10001,86.74999,32.10012
104.20001,86.83336,32.00594
104.30000,86.91681,32.33444
104.40000,86.99981,32.19273
104.50001,87.08323,32.29431
104.60001,87.16667,32.32243
104.70001,87.24992,32.09944
104.80000,87.33337,32.35129
104.90000,87.41674,32.37359
105.00001,87.49993,32.32861
105.10001,87.58336,32.35213
105.20001,87.66667,32.30812
105.30000,87.74993,32.21483
105.40000,87.83337,32.52627
105.50001,87.91674,32.70561
105.60001,87.99979,32.46022
105.70001,88.08336,32.52897
105.80000,88.16673,32.75172
105.90000,88.24986,32.58904
106.00001,88.33330,32.57841
106.10001,88.41667,32.62966
106.20001,88.49992,32.92650
106.30000,88.58343,32.75736
106.40000,88.66673,32.71085
106.50001,88.74992,32.97266
106.60001,88.83336,32.81959
106.70001,88.91667,32.86569
106.80000,88.99986,32.85119
106.90000,89.08330,33.01201
107.00001,89.16673,33.00632
107.10001,89.24992,32.86770
107.20001,89.33336,33.01245
107.30000,89.41680,33.08644
107.40000,89.49992,33.03264
107.50001,89.58329,33.13353
107.60001,89.66668,33.01656
107.70001,89.74986,33.22844
107.80000,89.83336,33.32859
107.90000,89.91674,33.11721
108.00001,89.99993,33.23275
108.10001,90.08330,33.29675
108.20001,90.16674,33.44634
108.30000,90.24993,33.35241
108.40000,90.33336,33.37167
108.50001,90.41674,33.46722
108.60001,90.49992,33.14401
108.70001,90.58330,33.57688
108.80000,90.66674,33.30900
108.90000,90.74987,33.63107
109.00001,90.83330,33.45266
109.10001,90.91668,33.41797
109.20001,90.99992,33.54424
109.30000,91.08336,33.52337
109.40000,91.16680,33.57325
109.50001,91.24992,33.69222
109.60001,91.33336,33.56781
109.70001,91.41673,33.56977
109.80000,91.49986,33.91556
109.90000,91.58337,33.93918
110.00001,91.66667,33.85549
110.10001,91.74992,33.74299
110.20001,91.83330,33.77949
110.30000,91.91674,34.00705
110.40000,91.99993,33.93757
110.50001,92.08336,33.77474
110.60001,92.16674,33.67493
110.70001,92.24986,33.96212
110.80000,92.33336,33.95540
110.90000,92.41668,34.08956
111.00001,92.49986,34.12763
111.10001,92.58330,34.05502
111.20001,92.66668,34.10789
111.30000,92.74987,34.11970
111.40000,92.83330,34.05247
111.50001,92.91674,34.13861
111.60001,92.99998,34.13969
111.70001,93.08343,34.29257
111.80000,93.16674,34.31771
111.90000,93.24992,34.45035
112.00001,93.33324,34.24935
112.10001,93.41662,34.46387
112.20001,93.49986,34.22216
112.30000,93.58336,34.41718
112.40000,93.66673,34.32452
112.50001,93.74992,34.38753
112.60001,93.83336,34.45559
112.70001,93.91673,34.61915
112.80000,93.99986,34.63968
112.90001,94.08336,34.69373
113.00001,94.16673,34.55310
113.10001,94.24992,34.64753
113.20001,94.33329,34.67036
113.30000,94.41674,35.09994
113.40001,94.49986,34.84298
113.50001,94.58330,34.74435
113.60001,94.66674,34.71456
113.70001,94.74993,34.90825
113.80000,94.83336,34.78154
113.90001,94.91679,34.73666
114.00001,94.99992,34.89375
114.10001,95.08336,34.79835
114.20001,95.16673,34.87645
114.30000,95.24986,34.90693
114.40001,95.33330,34.89272
114.50001,95.41674,34.73342
114.60001,95.49987,35.14575
114.70001,95.58336,35.12327
114.80000,95.66680,35.20352
114.90001,95.74998,35.12616
115.00001,95.83335,34.90757
115.10001,95.91674,35.41883
115.20001,95.99992,35.09244
115.30000,96.08329,35.23474
115.40001,96.16673,35.39453
115.50001,96.24986,35.18873
115.60001,96.33336,35.21083
115.70001,96.41673,35.29222
115.80000,96.49999,35.32823
115.90001,96.58337,35.45783
116.00001,96.66674,35.31716
116.10001,96.74992,35.38027
116.20001,96.83330,35.43441
116.30000,96.91673,35.43819
116.40001,96.99985,35.42726
116.50001,97.08330,35.70229
116.60001,97.16667,35.47797
116.70001,97.24992,35.81235
116.80000,97.33336,35.83719
116.90001,97.41673,35.55167
117.00001,97.49993,35.80294
117.10001,97.58336,35.62728
117.20001,97.66674,35.96459
117.30000,97.74992,35.83415
117.40001,97.83329,35.89511
117.50001,97.91673,35.82602
117.60001,97.99986,35.95322
117.70001,98.08335,36.21023
117.80000,98.16674,36.09400
117.90001,98.24992,35.92907
118.00001,98.33336,36.05857
118.10001,98.41667,36.07283
118.20001,98.49992,36.06847
118.30000,98.58330,36.04490
118.40001,98.66673,36.06744
118.50001,98.74986,35.97866
118.60001,98.83329,36.21317
118.70001,98.91667,36.22209
118.80000,98.99992,36.32092
118.90001,99.08330,36.34841
119.00001,99.16673,36.19754
119.10001,99.24999,36.39133
119.20001,99.33336,36.24683
119.30000,99.41667,36.37634
119.40001,99.49992,36.33248
119.50001,99.58323,36.42568
119.60001,99.66668,36.23669
119.70001,99.74992,36.41911
119.80000,99.83336,36.32665
119.90001,99.91674,36.62403
120.00001,99.99992,36.69253
120.10001,100.08336,36.52824
120.20001,100.16673,36.56175
120.30000,100.24992,36.52828
120.40001,100.33336,36.65490
120.50001,100.41674,36.70743
120.60001,100.49986,36.65103
120.70001,100.58336,36.62986
120.80000,100.66673,36.58277
120.90001,100.74986,36.62428
121.00001,100.83342,36.81885
121.10001,100.91674,37.01843
121.20001,100.99986,36.92572
121.30000,101.08336,36.80332
121.40001,101.16674,36.80842
121.50001,101.24993,36.86555
121.60001,101.33336,37.03828
121.70001,101.41673,36.87903
121.80000,101.49992,37.04180
121.90001,101.58330,37.04489
122.00001,101.66674,37.15294
122.10001,101.74992,37.10173
122.20001,101.83336,37.24927
122.30000,101.91668,37.23055
122.40001,101.99992,37.29827
122.50001,102.08330,37.22668
122.60001,102.16674,37.41298
122.70001,102.24986,37.37059
122.80000,102.33330,37.26010
122.90001,102.41673,37.44071
123.00001,102.49992,37.46825
123.10001,102.58330,37.38730
123.20001,102.66673,37.45478
123.30000,102.74986,37.60270
123.40001,102.83336,37.62407
123.50001,102.91673,37.49550
123.60001,102.99992,37.54724
123.70001,103.08329,37.32032
123.80000,103.16674,37.45830
123.90001,103.24986,37.75019
124.00001,103.33324,37.62284
124.10001,103.41674,37.61589
124.20001,103.49993,37.78832
124.30000,103.58342,37.79116
124.40001,103.66674,37.56277
124.50001,103.74999,37.72682
124.60001,103.83330,37.75941
124.70001,103.91667,37.73481
124.80000,103.99986,37.72021
124.90001,104.08330,37.94071
125.00001,104.16668,37.87083
125.10001,104.24992,38.05056
125.20001,104.33336,37.87211
125.30000,104.41673,38.03802
125.40001,104.49992,38.26014
125.50001,104.58330,38.28929
125.60001,104.66673,38.13485
125.70001,104.74992,38.14479
125.80000,104.83336,38.17782
125.90001,104.91673,38.35088
126.00001,104.99992,38.22642
126.10001,105.08330,38.17257
126.20001,105.16667,38.38283
126.30000,105.24986,38.40356
126.40001,105.33337,38.27151
126.50001,105.41674,38.46986
126.60001,105.49992,38.26612
126.70001,105.58343,38.63141
126.80000,105.66674,38.62322
126.90001,105.74993,38.50293
127.00001,105.83330,38.69295
127.10001,105.91667,38.57388
127.20001,105.99992,38.61945
127.30000,106.08336,38.65855
127.40001,106.16673,38.55849
127.50001,106.24993,38.61901
127.60001,106.33335,38.70050
127.70001,106.41674,38.64625
127.80000,106.49992,38.58407
127.90001,106.58336,38.72946
128.00000,106.66673,38.76684
128.10001,106.74986,38.70540
128.20002,106.83335,38.86181
128.30000,106.91673,38.74024
128.40001,106.99986,38.88797
128.50000,107.08329,38.81550
128.60001,107.16673,38.88733
128.70002,107.24992,38.69922
128.80000,107.33336,39.07339
128.90001,107.41680,39.10097
129.00000,107.49992,39.03384
129.10001,107.58329,39.20216
129.20002,107.66674,39.01008
129.30000,107.74986,39.22754
129.40001,107.83330,39.07250
129.50000,107.91673,39.06275
129.60001,107.99985,39.06501
129.70002,108.08336,39.26993
129.80000,108.16674,39.22147
129.90001,108.24992,39.10475
130.00000,108.33330,39.36371
130.10001,108.41668,39.37189
130.20002,108.49993,39.20103
130.30000,108.58330,39.27061
130.40001,108.66667,39.41678
130.50000,108.74987,39.32877
130.60001,108.83336,39.43359
130.70002,108.91673,39.52012
130.80000,108.99992,39.43579
130.90001,109.08335,39.42197
131.00000,109.16674,39.84445
131.10000,109.24992,39.42246
131.20002,109.33336,39.52022
131.30000,109.41667,39.57353
131.40002,109.49992,39.41604
131.50000,109.58323,39.65634
131.60000,109.66667,39.87635
131.70002,109.74992,39.78286
131.80000,109.83342,39.62562
131.90002,109.91680,39.62861
132.00000,109.99999,39.83921
132.10000,110.08336,39.70264
132.20002,110.16673,39.59994
132.30000,110.24985,39.91476
132.40002,110.33330,39.91236
132.50000,110.41667,40.02947
132.60000,110.49992,40.09979
132.70002,110.58330,40.07945
132.80000,110.66680,40.12022
132.90002,110.74992,39.92103
133.00000,110.83342,39.96268
133.10000,110.91674,40.15133
133.20002,110.99998,40.07597
133.30000,111.08336,40.28589
133.40002,111.16673,40.25379
133.50000,111.24986,40.23782
133.60000,111.33330,40.12282
133.70002,111.41667,40.22229
133.80000,111.49986,40.43200
133.90002,111.58336,40.15334
134.00000,111.66673,40.44587
134.10000,111.74999,40.34924
134.20002,111.83330,40.41157
134.30000,111.91674,40.38879
134.40002,111.99986,40.29378
134.50000,112.08336,40.57073
134.60000,112.16667,40.46106
134.70002,112.24986,40.45602
134.80000,112.33336,40.44053
134.90002,112.41667,40.68720
135.00000,112.49992,40.66333
135.10000,112.58336,40.75217
135.20002,112.66674,40.49012
135.30000,112.74992,40.75487
135.40002,112.83336,40.92338
135.50000,112.91673,40.61874
135.60000,112.99992,40.88383
135.70002,113.08330,40.66275
135.80000,113.16674,40.74546
135.90002,113.24986,40.88310
136.00000,113.33336,40.82263
136.10000,113.41673,40.92186
136.20002,113.49992,41.06082
136.30000,113.58336,40.98169
136.40002,113.66680,41.09551
136.50000,113.74992,40.91877
136.60000,113.83330,41.25070
136.70002,113.91667,40.99624
136.80000,113.99986,40.98756
136.90002,114.08329,41.19572
137.00000,114.16674,41.07287
137.10000,114.24992,41.27573
137.20002,114.33336,41.10002
137.30000,114.41674,41.34022
137.40002,114.49993,41.29308
137.50000,114.58336,41.34767
137.60000,114.66667,41.49521
137.70002,114.74992,41.43773
137.80000,114.83330,41.48433
137.90002,114.91674,41.39167
138.00000,114.99986,41.60452
138.10000,115.08330,41.47737
138.20002,115.16673,41.42018
138.30000,115.24992,41.58732
138.40002,115.33336,41.58517
138.50000,115.41673,41.75799
138.60000,115.49992,41.53092
138.70002,115.58335,41.51863
138.80000,115.66673,41.80361
138.90002,115.74986,41.60207
139.00000,115.83336,41.92488
139.10000,115.91667,42.05238
139.20002,115.99992,41.72741
139.30000,116.08336,41.95267
139.40002,116.16673,41.80057
139.50000,116.24992,41.84452
139.60000,116.33337,41.86780
139.70002,116.41674,41.91621
139.80000,116.49992,42.00230
139.90002,116.58323,42.08256
140.00000,116.66667,41.84114
140.10000,116.74993,41.95355
140.20002,116.83336,42.03690
140.30000,116.91674,42.11192
140.40002,116.99992,42.14857
140.50000,117.08330,42.16479
140.60000,117.16673,41.97883
140.70002,117.24993,42.35496
140.80000,117.33330,42.15489
140.90002,117.41674,42.22001
141.00000,117.49987,42.31948
141.10000,117.58330,42.30424
141.20002,117.66667,42.16939
141.30000,117.74986,42.27827
141.40002,117.83330,42.36564
141.50000,117.91667,42.45408
141.60000,117.99992,42.38470
141.70002,118.08336,42.49519
141.80000,118.16667,42.38377
141.90002,118.24986,42.46653
142.00000,118.33330,42.52596
142.10000,118.41673,42.69531
142.20002,118.49992,42.63347
142.30000,118.58329,42.64778
142.40002,118.66674,42.72794
142.50000,118.74992,42.53449
142.60000,118.83330,42.73863
142.70002,118.91667,42.62970
142.80000,118.99993,42.58374
142.90002,119.08330,42.62294
143.00000,119.16674,42.83898
143.10000,119.24986,43.02101
143.20002,119.33336,42.89160
143.30000,119.41673,42.88719
143.40002,119.49993,42.65381
143.50000,119.58330,43.06893
143.60000,119.66674,42.93987
143.70002,119.74992,42.90924
143.80000,119.83336,42.91507
143.90002,119.91673,43.10852
144.00000,119.99992,42.97363
144.10000,120.08330,43.01763
144.20002,120.16667,42.97039
144.30000,120.24986,43.18790
144.40002,120.33329,43.02939
144.50000,120.41673,43.18428
144.60000,120.49992,43.32187
144.70002,120.58342,43.20167
144.80000,120.66673,42.99685
144.90002,120.74992,43.36269
145.00000,120.83329,43.24768
145.10000,120.91661,43.26885
145.20002,120.99986,43.30452
145.30000,121.08330,43.31447
145.40002,121.16673,43.53698
145.50000,121.24993,43.37131
145.60000,121.33330,43.51601
145.70002,121.41674,43.44824
145.80000,121.49992,43.40830
145.90002,121.58336,43.57554
146.00000,121.66673,43.45069
146.10000,121.74992,43.57941
146.20002,121.83330,43.69839
146.30000,121.91674,43.83720
146.40002,121.99986,43.57799
146.50000,122.08330,43.66061
146.60000,122.16668,43.90849
146.70002,122.24986,43.69515
146.80000,122.33336,43.76272
146.90002,122.41674,43.87807
147.00000,122.49992,44.04677
147.10000,122.58336,43.85141
147.20002,122.66673,43.89340
147.30000,122.74992,43.88424
147.40002,122.83330,43.94887
147.50000,122.91667,43.96676
147.60000,122.99986,44.10278
147.70002,123.08336,44.05682
147.80000,123.16674,44.09391
147.90002,123.24986,43.90389
148.00000,123.33336,44.04187
148.10000,123.41667,44.29074
148.20002,123.49992,44.06613
148.30000,123.58330,44.16305
148.40002,123.66674,44.30417
148.50000,123.74986,44.36865
148.60000,123.83330,44.51002
148.70002,123.91668,44.32632
148.80000,123.99986,44.23145
148.90002,124.08336,44.26502
149.00000,124.16674,44.46151
149.10000,124.24992,44.46557
149.20002,124.33336,44.35719
149.30000,124.41673,44.42912
149.40002,124.49986,44.52585
149.50000,124.58324,44.32347
149.60000,124.66667,44.50664
149.70002,124.74992,44.61444
149.80000,124.83330,44.56485
149.90002,124.91673,44.75644
150.00000,124.99992,44.48934
150.10000,125.08336,44.63095
150.20002,125.16673,44.85679
150.30000,125.24992,44.90476
150.40002,125.33336,44.84861
150.50000,125.41673,44.80407
150.60000,125.49998,44.85797
150.70002,125.58329,44.68612
150.80000,125.66673,44.84121
150.90002,125.74992,44.75085
151.00000,125.83329,44.73914
151.10000,125.91674,45.02163
151.20002,125.99997,45.10056
151.30000,126.08336,44.93808
151.40002,126.16673,45.06744
151.50000,126.24991,45.12879
151.60000,126.33336,45.07063
151.70002,126.41667,45.10140
151.80000,126.49992,45.25540
151.90002,126.58323,45.01976
152.00000,126.66672,45.31866
152.10000,126.74998,45.09312
152.20002,126.83335,45.21155
152.30000,126.91679,45.38569
152.40002,126.99991,45.28588
152.50000,127.08329,45.27074
152.60000,127.16666,45.32675
152.70002,127.24985,45.48340
152.80000,127.33328,45.41725
152.90002,127.41667,45.28034
153.00000,127.49985,45.43710
153.10000,127.58336,45.68258
153.20002,127.66673,45.37702
153.30000,127.74984,45.38486
153.40002,127.83336,45.63648
153.50000,127.91673,45.58772
153.60000,127.99992,45.65206
153.70002,128.08335,45.66754
153.80000,128.16667,45.59443
153.90002,128.24985,45.77514
154.00000,128.33329,45.63172
154.10000,128.41666,45.74006
154.20002,128.49986,45.84159
154.30000,128.58336,45.81655
154.40002,128.66679,45.67048
154.50000,128.74993,45.84497
154.60000,128.83335,45.86286
154.70002,128.91673,45.88598
154.80000,128.99986,46.08252
154.90002,129.08335,45.99814
155.00000,129.16672,46.07071
155.10000,129.24986,45.99584
155.20002,129.33329,45.84428
155.30000,129.41666,45.82116
155.40002,129.49985,46.04455
155.50000,129.58336,46.25882
155.60000,129.66679,46.30018
155.70002,129.74991,46.31204
155.80000,129.83336,46.25240
155.90002,129.91679,46.02906
156.00000,129.99984,46.36001
156.10000,130.08329,46.29082
156.20002,130.16673,46.30522
156.30000,130.24986,46.31743
156.40002,130.33330,46.39950
156.50000,130.41680,46.43003
156.60000,130.49997,46.41763
156.70002,130.58335,46.41616
156.80000,130.66674,46.64426
156.90002,130.74991,46.41616
157.00000,130.83323,46.50818
157.10000,130.91668,46.45169
157.20002,130.99985,46.41244
157.30000,131.08335,46.46379
157.40002,131.16679,46.65107
157.50000,131.24992,46.62436
157.60000,131.33335,46.54895
157.70002,131.41672,46.67905
157.80000,131.49998,46.85324
157.90002,131.58329,46.87921
158.00000,131.66673,47.07031
158.10000,131.74991,46.71148
158.20002,131.83328,46.78106
158.30000,131.91673,46.62858
158.40002,131.99992,46.82913
158.50000,132.08330,47.09216
158.60000,132.16667,46.75872
158.70002,132.24992,47.03464
158.80000,132.33336,47.06992
158.90002,132.41673,47.29228
159.00000,132.49986,47.16596
159.10000,132.58330,46.97711
159.20002,132.66667,46.99206
159.30000,132.74992,46.99857
159.40002,132.83329,47.07996
159.50000,132.91674,47.14582
159.60000,132.99991,46.94041
159.70002,133.08342,47.18810
159.80000,133.16673,47.15135
159.90002,133.24991,47.43668
160.00000,133.33330,47.39062
160.10000,133.41667,47.29644
160.20002,133.49985,47.30061
160.30000,133.58329,47.54228
160.40002,133.66672,47.46407
160.50000,133.74992,47.27552
160.60000,133.83329,47.60784
160.70002,133.91680,47.41850
160.80000,133.99998,47.26631
160.90002,134.08328,47.52346
161.00002,134.16673,47.57089
161.10000,134.24992,47.83000
161.20002,134.33336,47.45594
161.30000,134.41673,47.70251
161.40002,134.49991,47.57099
161.50002,134.58329,47.68702
161.60000,134.66666,47.94804
161.70002,134.74992,47.62303
161.80000,134.83335,47.68335
161.90002,134.91672,47.68374
162.00002,134.99992,47.81427
162.10000,135.08329,47.67017
162.20002,135.16674,47.82015
162.30000,135.24991,47.88449
162.40002,135.33329,47.85852
162.50002,135.41673,47.81334
162.60000,135.49991,47.90972
162.70002,135.58336,47.89983
162.80000,135.66673,48.02566
162.90002,135.74985,47.91394
163.00002,135.83330,48.10421
163.10000,135.91672,48.17805
163.20002,135.99992,48.12219
163.30000,136.08336,48.06388
163.40002,136.16673,48.13527
163.50002,136.24991,48.14125
163.60000,136.33328,48.09568
163.70002,136.41673,48.44544
163.80000,136.49992,48.34578
163.90002,136.58336,48.30070
164.00002,136.66674,48.21769
164.10000,136.74991,48.37101
164.20002,136.83336,48.35239
164.30000,136.91673,48.17575
164.40002,136.99993,48.46533
164.50002,137.08330,48.49831
164.60000,137.16667,48.47989
164.70002,137.24986,48.33730
164.80000,137.33335,48.48008
164.90002,137.41672,48.59269
165.00002,137.49997,48.50419
165.10000,137.58334,48.56706
165.20002,137.66673,48.75546
165.30000,137.74985,48.72312
165.40002,137.83328,48.56123
165.50002,137.91667,48.73420
165.60000,137.99985,48.55001
165.70002,138.08335,48.85856
165.80000,138.16672,48.73302
165.90002,138.24992,48.69117
166.00002,138.33329,48.83969
166.10000,138.41673,48.74155
166.20002,138.49986,49.03799
166.30000,138.58335,48.88296
166.40002,138.66673,49.05073
166.50002,138.74997,49.00938
166.60000,138.83322,48.84856
166.70002,138.91667,49.13991
166.80000,138.99985,49.06999
166.90002,139.08329,49.16848
167.00002,139.16667,48.93348
167.10000,139.24993,49.20989
167.20002,139.33330,49.25507
167.30000,139.41678,49.21988
167.40002,139.49992,49.26095
167.50002,139.58335,49.33244
167.60000,139.66672,49.24046
167.70002,139.74986,49.11120
167.80000,139.83329,49.38516
167.90002,139.91673,49.28951
168.00002,139.99991,49.49712
168.10000,140.08328,49.47659
168.20002,140.16673,49.37266
168.30000,140.24991,49.28113
168.40002,140.33335,49.30720
168.50002,140.41667,49.64045
168.60000,140.49992,49.39687
168.70002,140.58336,49.55970
168.80000,140.66673,49.48517
168.90002,140.74986,49.52436
169.00002,140.83329,49.49943
169.10000,140.91666,49.78902
169.20002,140.99992,49.73522
169.30000,141.08337,49.70885
169.40002,141.16679,49.45165
169.50002,141.24999,49.65054
169.60000,141.33336,49.60282
169.70002,141.41673,49.84483
169.80000,141.49993,49.78333
169.90002,141.58330,49.74055
170.00002,141.66667,49.87119
170.10000,141.74992,49.88270
170.20002,141.83329,50.00393
170.30000,141.91672,50.05758
170.40002,141.99992,49.98840
170.50002,142.08329,49.93861
170.60000,142.16674,49.87374
170.70002,142.24991,49.96017
170.80000,142.33328,50.07831
170.90002,142.41673,50.09732
171.00002,142.49991,50.12025
171.10000,142.58330,49.77779
171.20002,142.66667,50.19542
171.30000,142.74985,50.06694
171.40002,142.83329,50.16563
171.50002,142.91673,50.24917
171.60000,142.99992,50.03372
171.70002,143.08335,50.22526
171.80000,143.16672,50.18405
171.90002,143.24985,50.22163
172.00002,143.33329,50.29014
172.10000,143.41666,50.42092
172.20002,143.49991,50.43978
172.30000,143.58329,50.57463
172.40002,143.66673,50.48824
172.50002,143.74998,50.49143
172.60000,143.83336,50.38956
172.70002,143.91673,50.50858
172.80000,143.99998,50.62196
172.90002,144.08330,50.55199
173.00002,144.16672,50.75343
173.10000,144.24986,50.64994
173.20002,144.33323,50.59065
173.30000,144.41674,50.76142
173.40002,144.49986,50.75122
173.50002,144.58336,50.60922
173.60000,144.66673,50.75681
173.70002,144.74998,50.72197
173.80000,144.83335,50.75661
173.90002,144.91673,50.96844
174.00002,144.99999,50.78239
174.10000,145.08336,50.94311
174.20002,145.16667,50.91131
174.30000,145.24986,50.97633
174.40002,145.33329,50.89372
174.50002,145.41673,50.86608
174.60000,145.49986,50.88171
174.70002,145.58335,51.13029
174.80000,145.66674,51.01734
174.90002,145.74992,51.04890
175.00002,145.83342,51.00465
175.10000,145.91667,51.14170
175.20002,145.99998,51.21775
175.30000,146.08336,51.26122
175.40002,146.16673,51.23765
175.50002,146.24985,51.33349
175.60000,146.33330,51.33908
175.70002,146.41667,51.45540
175.80000,146.49986,51.40043
175.90002,146.58335,51.28547
176.00002,146.66679,51.37068
176.10000,146.74991,51.43242
176.20002,146.83335,51.48309
176.30000,146.91673,51.48177
176.40002,146.99985,51.47368
176.50002,147.08328,51.68021
176.60000,147.16673,51.41032
176.70002,147.24985,51.65831
176.80000,147.33336,51.58932
176.90002,147.41679,51.57374
177.00002,147.49992,51.51131
177.10000,147.58335,51.77248
177.20002,147.66666,51.79786
177.30000,147.74986,51.88684
177.40002,147.83323,51.60137
177.50002,147.91674,51.83554
177.60000,147.99992,51.86656
177.70002,148.08336,51.80457
177.80000,148.16673,51.79286
177.90002,148.24999,51.89508
178.00002,148.33330,51.80291
178.10000,148.41673,51.91355
178.20002,148.49992,51.93364
178.30000,148.58335,51.90135
178.40002,148.66672,51.96113
178.50002,148.74992,52.03884
178.60000,148.83324,51.92859
178.70002,148.91666,51.75842
178.80000,148.99991,51.88028
178.90002,149.08329,51.90630
179.00002,149.16673,51.82584
179.10000,149.24991,52.00420
179.20002,149.33336,52.07383
179.30000,149.41673,52.01924
179.40002,149.49991,52.20245
179.50002,149.58322,52.27576
179.60000,149.66667,52.37978
179.70002,149.74984,52.06619
179.80000,149.83336,52.34166
179.90002,149.91673,52.34735
180.00002,149.99992,52.33558
180.10000,150.08335,52.31466
180.20002,150.16672,52.28948
180.30000,150.24992,52.53850
180.40002,150.33329,52.61484
180.50002,150.41674,52.46989
180.60000,150.49986,52.33627
180.70002,150.58336,52.56628
180.80000,150.66673,52.45730
180.90002,150.74993,52.50326
181.00002,150.83330,52.50748
181.10000,150.91673,52.81544
181.20002,150.99992,52.65854
181.30000,151.08335,52.76478
181.40002,151.16672,52.71568
181.50002,151.24992,52.91482
181.60000,151.33329,52.84092
181.70002,151.41673,52.68667
181.80000,151.49985,52.71137
181.90002,151.58323,52.79717
182.00002,151.66673,52.87601
182.10000,151.74999,52.71832
182.20002,151.83336,52.96656
182.30000,151.91679,53.04893
182.40002,151.99992,53.01600
182.50002,152.08329,53.00096
182.60000,152.16673,52.89502
182.70002,152.24986,53.05294
182.80000,152.33335,52.84293
182.90002,152.41672,52.98880
183.00002,152.49992,52.99458
183.10000,152.58329,52.99199
183.20002,152.66666,53.16256
183.30000,152.74986,53.14217
183.40002,152.83328,53.13227
183.50002,152.91673,53.09753
183.60000,152.99991,53.23307
183.70002,153.08335,53.16104
183.80000,153.16667,53.29334
183.90002,153.24985,53.27261
184.00002,153.33329,53.24032
184.10000,153.41672,53.19553
184.20002,153.49992,53.39271
184.30000,153.58335,53.29486
184.40002,153.66673,53.29290
184.50002,153.74998,53.51604
184.60000,153.83328,53.33783
184.70002,153.91673,53.49561
184.80000,153.99992,53.41476
184.90002,154.08322,53.34489
185.00002,154.16673,53.30034
185.10000,154.24985,53.61424
185.20002,154.33336,53.56945
185.30000,154.41673,53.40560
185.40002,154.49998,53.93176
185.50002,154.58341,53.57381
185.60000,154.66672,53.67754
185.70002,154.74985,53.62977
185.80000,154.83323,53.90598
185.90002,154.91674,53.72071
186.00002,154.99991,53.87227
186.10000,155.08329,53.56568
186.20002,155.16673,53.84855
186.30000,155.24991,53.77309
186.40002,155.33342,53.62115
186.50002,155.41673,54.04298
186.60000,155.49992,53.96802
186.70002,155.58335,53.85463
186.80000,155.66672,53.84331
186.90002,155.74992,53.79946
187.00002,155.83329,54.02799
187.10000,155.91666,54.08023
187.20002,155.99986,53.98276
187.30000,156.08328,54.01167
187.40002,156.16673,53.99747
187.50002,156.24992,54.23982
187.60000,156.33328,54.09130
187.70002,156.41673,54.17818
187.80000,156.49991,54.34713
187.90002,156.58336,54.42268
188.00002,156.66673,54.32278
188.10000,156.74992,54.49109
188.20002,156.83329,54.35879
188.30000,156.91679,54.25550
188.40002,156.99985,54.34041
188.50002,157.08335,54.43640
188.60000,157.16674,54.49785
188.70002,157.24991,54.52730
188.80000,157.33335,54.47771
188.90002,157.41672,54.46586
189.00002,157.49991,54.57170
189.10000,157.58330,54.50211
189.20002,157.66673,54.62246
189.30000,157.74984,54.74329
189.40002,157.83329,54.57042
189.50002,157.91666,54.68454
189.60000,157.99992,54.68386
189.70002,158.08335,54.78896
189.80000,158.16672,54.83468
189.90002,158.24990,54.78185
190.00002,158.33328,54.82331
190.10000,158.41672,54.96502
190.20002,158.49991,54.79219
190.30000,158.58328,55.05831
190.40002,158.66673,54.88583
190.50002,158.74991,54.99094
190.60000,158.83328,55.07174
190.70002,158.91673,54.91503
190.80000,158.99984,55.10589
190.90002,159.08334,55.14132
191.00002,159.16672,55.08095
191.10000,159.24992,55.01034
191.20002,159.33335,55.38107
191.30000,159.41672,55.19811
191.40002,159.49979,55.25583
191.50002,159.58328,55.34883
191.60000,159.66672,55.35726
191.70002,159.74991,55.19762
191.80000,159.83336,55.49623
191.90002,159.91678,55.39729
192.00002,159.99991,55.36480
192.10000,160.08334,55.36824
192.20002,160.16666,55.32742
192.30000,160.24992,55.37975
192.40002,160.33329,55.42091
192.50002,160.41666,55.37774
192.60000,160.49985,55.51739
192.70002,160.58328,55.49485
192.80000,160.66680,55.60687
192.90002,160.74991,55.49818
193.00002,160.83341,55.47040
193.10000,160.91678,55.64729
193.20002,160.99991,55.77778
193.30000,161.08336,55.57737
193.40002,161.16666,55.69418
193.50002,161.24984,55.61578
193.60000,161.33329,55.68012
193.70002,161.41666,55.84319
193.80000,161.49985,55.79508
193.90002,161.58335,55.68331
194.00002,161.66672,55.75465
194.10000,161.74996,55.89739
194.20002,161.83333,55.80458
194.30000,161.91673,55.75117
194.40002,161.99991,55.88440
194.50002,162.08328,55.62465
194.60000,162.16667,55.84471
194.70002,162.24984,55.95075
194.80000,162.33329,55.85863
194.90002,162.41666,55.90272
195.00002,162.49992,56.04086
195.10000,162.58335,55.88332
195.20002,162.66672,55.88798
195.30000,162.74985,56.07466
195.40002,162.83335,55.90582
195.50002,162.91672,55.88029
195.60000,162.99985,56.01253
195.70002,163.08328,55.98201
195.80000,163.16667,56.38165
195.90002,163.24984,56.13004
196.00002,163.33316,55.91865
196.10000,163.41673,56.06443
196.20002,163.49992,56.20358
196.30000,163.58335,56.30124
196.40002,163.66677,56.23446
196.50002,163.74992,56.29776
196.60000,163.83335,56.47999
196.70002,163.91667,56.33138
196.80000,163.99985,56.26307
196.90002,164.08328,56.49896
197.00002,164.16673,56.51381
197.10000,164.24986,56.31785
197.20002,164.33336,56.58441
197.30000,164.41679,56.47260
197.40002,164.49990,56.50136
197.50002,164.58329,56.51356
197.60000,164.66666,56.56976
197.70002,164.74985,56.46167
197.80000,164.83329,56.54688
197.90002,164.91666,56.56285
198.00002,164.99985,56.62504
198.10000,165.08335,56.74856
198.20002,165.16672,56.82735
198.30000,165.24991,56.48592
198.40002,165.33328,56.49964
198.50002,165.41678,56.64311
198.60000,165.49991,56.77017
198.70002,165.58336,56.67428
198.80000,165.66673,56.81961
198.90002,165.74990,56.81197
199.00002,165.83322,56.80790
199.10000,165.91666,56.94280
199.20002,165.99992,56.91232
199.30000,166.08335,56.84328
199.40002,166.16672,56.85695
199.50002,166.24991,56.90972
199.60000,166.33328,56.95245
199.70002,166.41673,56.90002
199.80000,166.49991,57.06981
199.90002,166.58328,56.98229
200.00002,166.66673,57.04942
200.10000,166.74984,56.92766
200.20002,166.83334,57.18946
200.30000,166.91672,57.21773
200.40002,166.99998,57.38477
200.50002,167.08329,57.20490
200.60000,167.16672,57.26762
200.70002,167.24991,57.16344
200.80000,167.33335,57.19206
200.90002,167.41673,57.26899
201.00002,167.49986,57.39403
201.10000,167.58334,57.41104
201.20002,167.66673,57.54305
201.30000,167.74984,57.45862
201.40002,167.83336,57.53780
201.50002,167.91673,57.32112
201.60000,167.99990,57.50458
201.70002,168.08335,57.62487
201.80000,168.16672,57.70763
201.90002,168.24992,57.58019
202.00002,168.33330,57.71312
202.10000,168.41672,57.61047
202.20002,168.49985,57.60082
202.30000,168.58328,57.73282
202.40002,168.66671,57.69259
202.50002,168.74991,57.71969
202.60000,168.83329,57.85253
202.70002,168.91673,57.85900
202.80000,168.99984,57.86728
202.90002,169.08327,57.69146
203.00002,169.16672,57.82568
203.10000,169.24992,57.69705
203.20002,169.33329,57.97900
203.30000,169.41672,57.92681
203.40002,169.49978,58.12835
203.50002,169.58335,58.19156
203.60000,169.66665,57.98644
203.70002,169.74986,58.13962
203.80000,169.83334,57.97464
203.90002,169.91673,58.13658
204.00002,169.99992,58.07009
204.10000,170.08329,58.08234
204.20002,170.16673,58.11777
204.30000,170.24990,58.37698
204.40002,170.33329,58.22488
204.50002,170.41672,58.24497
204.60000,170.49998,58.40211
204.70002,170.58335,58.32474
204.80000,170.66672,58.29122
204.90002,170.74997,58.33160
205.00002,170.83334,58.23419
205.10000,170.91665,58.37418
205.20002,170.99986,58.54543
205.30000,171.08329,58.31479
205.40002,171.16673,58.38643
205.50002,171.24990,58.53549
205.60000,171.33327,58.60345
205.70002,171.41672,58.55151
205.80000,171.49990,58.54720
205.90002,171.58335,58.56126
206.00002,171.66672,58.58782
206.10000,171.74991,58.56626
206.20002,171.83322,58.46429
206.30000,171.91673,58.67715
206.40002,171.99986,58.71909
206.50002,172.08334,58.65407
206.60000,172.16666,58.59360
206.70002,172.24984,58.85717
206.80000,172.33334,58.88353
206.90002,172.41674,58.89152
207.00002,172.49990,58.93043
207.10000,172.58335,58.87407
207.20002,172.66672,58.93312
207.30000,172.74985,58.94233
207.40002,172.83330,58.86810
207.50002,172.91667,58.91460
207.60000,172.99986,58.76270
207.70002,173.08328,58.95772
207.80000,173.16671,58.97668
207.90002,173.24986,59.12643
208.00002,173.33334,58.97458
208.10000,173.41673,58.94375
208.20002,173.49990,58.85648
208.30000,173.58327,59.18317
208.40002,173.66679,59.04475
208.50002,173.74985,59.18057
208.60000,173.83322,59.08458
208.70002,173.91672,59.13074
208.80000,173.99991,59.21899
208.90002,174.08328,59.29606
209.00002,174.16678,59.09845
209.10000,174.24991,59.00785
209.20002,174.33334,59.45022
209.30000,174.41679,59.15220
209.40002,174.49984,59.22143
209.50002,174.58329,59.43464
209.60000,174.66666,59.37481
209.70002,174.74985,59.29905
209.80000,174.83328,59.24819
209.90002,174.91672,59.41278
210.00002,174.99998,59.48358
210.10000,175.08335,59.47967
210.20002,175.16673,59.45306
210.30000,175.24991,59.48991
210.40002,175.33328,59.52342
210.50002,175.41671,59.49177
210.60000,175.49992,59.58751
210.70002,175.58329,59.51759
210.80000,175.66673,59.42743
210.90002,175.74985,59.56189
211.00002,175.83335,59.52180
211.10000,175.91672,59.41646
211.20002,175.99998,59.66322
211.30000,176.08335,59.72878
211.40002,176.16678,59.62980
211.50002,176.24991,59.54910
211.60000,176.33328,59.76298
211.70002,176.41665,59.55993
211.80000,176.49986,59.61378
211.90002,176.58329,59.60863
212.00002,176.66671,59.88945
212.10000,176.74992,59.77773
212.20002,176.83342,59.80635
212.30000,176.91674,59.78763
212.40002,176.99990,59.95531
212.50002,177.08328,59.78773
212.60000,177.16672,59.84491
212.70002,177.24985,59.79400
212.80000,177.33330,60.08942
212.90002,177.41673,59.96271
213.00002,177.49984,59.82796
213.10000,177.58334,60.16120
213.20002,177.66671,60.00872
213.30000,177.74992,60.22544
213.40002,177.83334,60.15425
213.50002,177.91672,60.23480
213.60000,177.99990,60.19589
213.70002,178.08335,60.28557
213.80000,178.16665,60.33839
213.90002,178.24979,60.11818
214.00002,178.33328,60.15763
214.10000,178.41667,60.34255
214.20002,178.49991,60.26499
214.30000,178.58328,60.37529
214.40002,178.66679,60.34691
214.50002,178.74992,60.33540
214.60000,178.83334,60.48764
214.70002,178.91672,60.61499
214.80000,178.99992,60.48122
214.90002,179.08329,60.26489
215.00002,179.16674,60.68198
215.10000,179.24985,60.48896
215.20002,179.33328,60.73024
215.30000,179.41672,60.55664
215.40002,179.49985,60.65483
215.50002,179.58336,60.70888
215.60000,179.66667,60.84372
215.70002,179.74991,60.81006
215.80000,179.83334,60.62009
215.90002,179.91679,60.46299
216.00002,179.99992,60.63518
216.10000,180.08329,60.68712
216.20002,180.16666,60.71422
216.30000,180.24985,60.65993
216.40002,180.33328,60.80017
216.50002,180.41672,60.82030
216.60000,180.49991,60.79786
216.70002,180.58341,60.90532
216.80000,180.66678,60.60465
216.90002,180.74991,60.91502
217.00002,180.83328,60.96907
217.10000,180.91666,60.99106
217.20002,180.99984,60.88184
217.30000,181.08329,60.98793
217.40002,181.16672,61.09960
217.50002,181.24992,61.14483
217.60000,181.33335,61.09911
217.70002,181.41666,60.96544
217.80000,181.49991,61.00327
217.90002,181.58328,61.01405
218.00002,181.66672,61.06026
218.10000,181.74985,61.26640
218.20002,181.83330,61.18599
218.30000,181.91673,61.29041
218.40002,181.99991,61.30378
218.50002,182.08329,61.26022
218.60000,182.16671,61.45088
218.70002,182.24992,61.24557
218.80000,182.33335,61.42628
218.90002,182.41672,61.49258
219.00002,182.49985,61.25082
219.10000,182.58328,61.20451
219.20002,182.66665,61.34255
219.30000,182.74985,61.24234
219.40002,182.83322,61.63664
219.50002,182.91673,61.32593
219.60000,182.99984,61.38312
219.70002,183.08336,61.29134
219.80000,183.16679,61.48528
219.90002,183.24992,61.51644
220.00002,183.33329,61.61062
220.10000,183.41672,61.39497
220.20002,183.49985,61.70779
220.30000,183.58329,61.35425
220.40002,183.66672,61.54050
220.50002,183.74991,61.47214
220.60000,183.83328,61.64360
220.70002,183.91673,61.65193
220.80000,183.99991,61.76580
220.90002,184.08328,61.67407
221.00002,184.16673,61.85474
221.10000,184.24984,61.69299
221.20002,184.33334,61.89066
221.30000,184.41672,61.85175
221.40002,184.49984,61.87595
221.50002,184.58329,61.82475
221.60000,184.66672,61.83994
221.70002,184.74991,61.86233
221.80000,184.83341,61.98135
221.90002,184.91672,61.85974
222.00002,184.99991,61.98067
222.10000,185.08328,61.99713
222.20002,185.16673,61.97753
222.30000,185.24984,61.95396
222.40002,185.33329,62.03623
222.50002,185.41666,62.04353
222.60000,185.49984,61.98312
222.70002,185.58335,62.01526
222.80000,185.66677,61.97229
222.90002,185.74992,62.15221
223.00002,185.83329,62.12963
223.10000,185.91672,62.16647
223.20002,185.99985,62.18931
223.30000,186.08334,62.12051
223.40002,186.16673,62.37551
223.50002,186.24991,62.20283
223.60000,186.33328,62.26889
223.70002,186.41673,62.49629
223.80000,186.49984,62.24252
223.90002,186.58334,62.34361
224.00002,186.66672,62.60640
224.10000,186.74992,62.53324
224.20002,186.83335,62.58591
224.30000,186.91672,62.46787
224.40002,186.99985,62.33302
224.50002,187.08328,62.47924
224.60000,187.16665,62.65647
224.70002,187.24985,62.53231
224.80000,187.33334,62.52956
224.90002,187.41673,62.66059
225.00002,187.49991,62.70126
225.10000,187.58327,62.56661
225.20002,187.66671,62.66662
225.30002,187.74990,62.73394
225.40002,187.83329,62.73777
225.50002,187.91666,62.91544
225.60000,187.99985,62.86619
225.70002,188.08328,62.87658
225.80002,188.16665,62.74105
225.90002,188.24991,62.81087
226.00002,188.33334,62.81949
226.10000,188.41673,62.69195
226.20002,188.49997,62.87546
226.30002,188.58336,62.86658
226.40002,188.66673,62.73453
226.50002,188.74984,62.83650
226.60000,188.83329,63.00207
226.70002,188.91672,62.77388
226.80002,188.99985,63.09155
226.90002,189.08329,63.21963
227.00002,189.16672,63.13765
227.10000,189.24991,63.01432
227.20002,189.33333,63.13873
227.30002,189.41671,63.17626
227.40002,189.49991,63.02574
227.50002,189.58334,63.05930
227.60000,189.66665,63.13319
227.70002,189.74984,63.17479
227.80002,189.83334,63.25212
227.90002,189.91672,63.29901
228.00002,189.99984,63.39314
228.10000,190.08335,63.22811
228.20002,190.16666,63.36570
228.30002,190.24990,63.22472
228.40002,190.33335,63.33875
228.50002,190.41678,63.11663
228.60000,190.49997,63.20395
228.70002,190.58334,63.41200
228.80002,190.66671,63.32439
228.90002,190.74984,63.23844
229.00002,190.83329,63.26236
229.10000,190.91666,63.25094
229.20002,190.99990,63.41308
229.30002,191.08335,63.32071
229.40002,191.16677,63.50471
229.50002,191.24992,63.70159
229.60000,191.33329,63.49344
229.70002,191.41672,63.56292
229.80002,191.49985,63.46644
229.90002,191.58328,63.52750
230.00002,191.66665,63.83414
230.10000,191.74986,63.69478
230.20002,191.83334,63.69845
230.30002,191.91679,63.66661
230.40002,191.99990,63.73981
230.50002,192.08334,63.74476
230.60000,192.16672,63.66592
230.70002,192.24990,63.77955
230.80002,192.33335,63.67748
230.90002,192.41672,63.89543
231.00002,192.49983,63.91557
231.10000,192.58335,63.77539
231.20002,192.66665,63.96178
231.30002,192.74991,64.04317
231.40002,192.83328,63.91009
231.50002,192.91665,63.86094
231.60000,192.99991,64.15700
231.70002,193.08334,63.94135
231.80002,193.16673,63.98275
231.90002,193.24990,63.86800
232.00002,193.33327,63.94571
232.10000,193.41666,64.14166
232.20002,193.49985,64.03415
232.30002,193.58329,64.14984
232.40002,193.66672,64.45834
232.50002,193.74991,64.05523
232.60000,193.83334,64.11760
232.70002,193.91665,64.22912
232.80002,193.99991,64.26318
232.90002,194.08328,64.16581
233.00002,194.16671,64.06194
233.10000,194.24984,64.21590
233.20002,194.33334,64.24133
233.30002,194.41666,64.12559
233.40002,194.49985,64.14798
233.50002,194.58329,64.36946
233.60000,194.66672,64.25916
233.70002,194.74998,64.11736
233.80002,194.83341,64.22853
233.90002,194.91673,64.32026
234.00002,194.99991,64.29576
234.10000,195.08334,64.13363
234.20002,195.16665,64.50886
234.30002,195.24978,64.38220
234.40002,195.33329,64.44458
234.50002,195.41666,64.46986
234.60000,195.49990,64.33815
234.70002,195.58335,64.34476
234.80002,195.66672,64.38617
234.90002,195.74985,64.61681
235.00002,195.83335,64.46962
235.10000,195.91672,64.51078
235.20002,195.99983,64.44369
235.30002,196.08323,64.48867
235.40002,196.16671,64.98671
235.50002,196.24986,64.73583
235.60000,196.33334,64.65092
235.70002,196.41671,64.68350
235.80002,196.49984,64.69678
235.90002,196.58335,64.57453
236.00002,196.66679,64.65552
236.10000,196.74990,64.76979
236.20002,196.83335,64.80340
236.30002,196.91678,64.59461
236.40002,196.99983,64.74304
236.50002,197.08328,64.81026
236.60000,197.16665,64.75470
236.70002,197.24978,64.86029
236.80002,197.33334,64.90797
236.90002,197.41671,64.85377
237.00002,197.49997,64.90846
237.10000,197.58334,64.84755
237.20002,197.66673,64.99372
237.30002,197.74990,64.94080
237.40002,197.83327,65.11288
237.50002,197.91672,65.16120
237.60000,197.99991,64.84191
237.70002,198.08330,65.00538
237.80002,198.16672,65.15184
237.90002,198.24991,65.13508
238.00002,198.33334,65.21789
238.10000,198.41671,65.35333
238.20002,198.49991,65.41957
238.30002,198.58329,65.12896
238.40002,198.66666,65.02645
238.50002,198.74990,65.20157
238.60000,198.83327,65.16698
238.70002,198.91672,65.30046
238.80002,198.99985,65.20270
238.90002,199.08335,65.39826
239.00002,199.16672,65.14782
239.10000,199.24983,65.24827
239.20002,199.33341,65.52634
239.30002,199.41673,65.43227
239.40002,199.49991,65.43511
239.50002,199.58328,65.50229
239.60000,199.66666,65.49880
239.70002,199.74984,65.39042
239.80002,199.83334,65.57319
239.90002,199.91672,65.38763
240.00002,199.99990,65.46735
240.10000,200.08333,65.38978
240.20002,200.16672,65.67477
240.30002,200.24991,65.62670
240.40002,200.33328,65.65438
240.50002,200.41678,65.53134
240.60000,200.49984,65.40855
240.70002,200.58328,65.84445
240.80002,200.66671,65.68158
240.90002,200.74986,65.88802
241.00002,200.83334,65.66222
241.10000,200.91671,65.65017
241.20002,200.99990,65.79957
241.30002,201.08342,65.73749
241.40002,201.16679,65.77321
241.50002,201.24990,65.83568
241.60000,201.33328,65.96426
241.70002,201.41667,65.93305
241.80002,201.49983,66.06887
241.90002,201.58328,65.92256
242.00002,201.66673,66.24517
242.10000,201.74984,65.98983
242.20002,201.83340,65.86934
242.30002,201.91671,65.93716
242.40002,201.99992,66.17569
242.50002,202.08329,65.96578
242.60000,202.16666,66.10689
242.70002,202.24990,66.17834
242.80002,202.33328,66.30642
242.90002,202.41665,66.35660
243.00002,202.49985,66.22557
243.10000,202.58335,66.22009
243.20002,202.66673,66.45886
243.30002,202.74984,66.10038
243.40002,202.83334,66.26835
243.50002,202.91671,66.03232
243.60000,202.99992,66.25443
243.70002,203.08329,66.31510
243.80002,203.16672,66.48223
243.90002,203.24990,66.40261
244.00002,203.33327,66.34606
244.10000,203.41665,66.28599
244.20002,203.49991,66.60209
244.30002,203.58333,66.40462
244.40002,203.66672,66.47699
244.50002,203.74991,66.52477
244.60000,203.83336,66.53555
244.70002,203.91673,66.32725
244.80002,203.99984,66.51100
244.90002,204.08329,66.55436
245.00002,204.16671,66.59170
245.10000,204.24992,66.45725
245.20002,204.33329,66.46494
245.30002,204.41672,66.62600
245.40002,204.49990,66.68161
245.50002,204.58333,66.55559
245.60000,204.66672,66.59180
245.70002,204.74991,66.72258
245.80002,204.83335,66.59817
245.90002,204.91667,66.58239
246.00002,204.99984,66.67916
246.10000,205.08328,66.47547
246.20002,205.16671,66.60420
246.30002,205.24984,66.61179
246.40002,205.33334,66.76301
246.50002,205.41672,66.64310
246.60000,205.49998,66.67593
246.70002,205.58335,66.79064
246.80002,205.66672,66.60317
246.90002,205.74979,66.83983
247.00002,205.83333,66.92142
247.10000,205.91665,66.81818
247.20002,205.99991,66.95651
247.30002,206.08336,66.84023
247.40002,206.16679,66.87217
247.50002,206.24990,66.85581
247.60000,206.33334,66.82264
247.70002,206.41671,66.76207
247.80002,206.49992,66.82156
247.90002,206.58329,66.79397
248.00002,206.66666,66.88320
248.10000,206.74990,67.11134
248.20002,206.83328,67.14030
248.30002,206.91672,67.22218
248.40002,206.99985,67.26359
248.50002,207.08336,67.16721
248.60000,207.16667,67.18332
248.70002,207.24989,67.23923
248.80002,207.33334,67.06440
248.90002,207.41679,67.18087
249.00002,207.49992,67.35590
249.10000,207.58335,67.13335
249.20002,207.66666,67.15304
249.30002,207.74985,67.19827
249.40002,207.83328,67.30842
249.50002,207.91672,67.48404
249.60000,207.99991,67.21704
249.70002,208.08334,67.13898
249.80002,208.16673,67.30622
249.90002,208.24984,67.53039
250.00002,208.33336,67.30077
250.10000,208.41666,67.37232
250.20002,208.49984,67.61276
250.30002,208.58334,67.47551
250.40002,208.66672,67.43278
250.50002,208.74985,67.27240
250.60000,208.83329,67.56185
250.70002,208.91672,67.84061
250.80002,208.99991,67.57292
250.90002,209.08333,67.42249
251.00002,209.16671,67.51172
251.10000,209.24985,67.55293
251.20002,209.33334,67.50314
251.30002,209.41673,67.45728
251.40002,209.49984,67.73648
251.50002,209.58334,67.66524
251.60000,209.66658,67.76373
251.70002,209.74990,67.63035
251.80002,209.83329,67.87050
251.90002,209.91677,67.71091
252.00002,209.99990,67.98844
252.10000,210.08335,67.89098
252.20002,210.16672,67.86305
252.30002,210.24991,68.02803
252.40002,210.33328,67.86859
252.50002,210.41665,68.12921
252.60000,210.49984,67.79754
252.70002,210.58336,68.01338
252.80002,210.66673,67.96654
252.90002,210.74990,67.87383
253.00002,210.83334,67.94023
253.10000,210.91672,68.25039
253.20002,210.99992,68.02059
253.30002,211.08335,68.11721
253.40002,211.16672,68.02573
253.50002,211.24978,68.31640
253.60000,211.33333,68.11344
253.70002,211.41665,68.04621
253.80002,211.49991,68.35280
253.90002,211.58328,68.05582
254.00002,211.66679,68.16568
254.10000,211.74997,68.08247
254.20002,211.83342,68.19351
254.30002,211.91671,68.22727
254.40002,211.99984,68.29528
254.50002,212.08322,68.34114
254.60000,212.16666,68.18880
254.70002,212.24983,68.32732
254.80002,212.33328,68.36285
254.90002,212.41672,68.35912
255.00002,212.49991,68.34349
255.10000,212.58334,68.18562
255.20002,212.66671,68.29866
255.30002,212.74991,68.44684
255.40002,212.83329,68.53435
255.50002,212.91673,68.59021
255.60000,212.99984,68.55870
255.70002,213.08329,68.52886
255.80002,213.16672,68.64974
255.90002,213.24985,68.64474
256.00000,213.33329,68.61128
256.10000,213.41672,68.51499
256.20002,213.49985,68.70354
256.30002,213.58328,68.68336
256.40003,213.66678,68.86495
256.50000,213.74991,68.65758
256.60000,213.83328,68.63994
256.70002,213.91673,68.72162
256.80002,213.99984,68.51808
256.90003,214.08327,68.81056
257.00000,214.16672,68.77626
257.10000,214.24985,68.88651
257.20002,214.33335,68.84256
257.30002,214.41672,68.86108
257.40003,214.49991,69.03684
257.50000,214.58335,68.95771
257.60000,214.66672,68.93296
257.70002,214.74991,68.96991
257.80002,214.83328,68.94394
257.90003,214.91671,69.02675
258.00000,214.99991,69.11226
258.10000,215.08329,69.03714
258.20002,215.16666,69.15797
258.30002,215.24996,69.13876
258.40003,215.33335,69.20825
258.50000,215.41672,69.29468
258.60000,215.49990,69.24176
258.70002,215.58329,69.16106
258.80002,215.66667,69.20521
258.90003,215.74991,68.99730
259.00000,215.83328,69.17076
259.10000,215.91671,69.12249
259.20002,215.99986,69.06620
259.30002,216.08334,69.25034
259.40003,216.16671,69.21206
259.50000,216.24990,69.20932
259.60000,216.33334,69.18223
259.70002,216.41672,69.16983
259.80002,216.49990,69.39200
259.90003,216.58335,69.21545
260.00000,216.66666,69.28174
260.10000,216.74983,69.51498
260.20002,216.83335,69.34329
260.30002,216.91673,69.38376
260.40003,216.99991,69.35294
260.50000,217.08334,69.41782
260.60000,217.16665,69.48436
260.70002,217.24992,69.45172
260.80002,217.33334,69.66688
260.90003,217.41673,69.54522
261.00000,217.49984,69.45912
261.10000,217.58327,69.28468
261.20002,217.66666,69.58113
261.30002,217.74985,69.40414
261.40003,217.83335,69.52023
261.50000,217.91672,69.40449
261.60000,217.99991,69.66732
261.70002,218.08334,69.65385
261.80002,218.16671,69.60426
261.90003,218.24986,69.63062
262.00000,218.33323,69.54335
262.10000,218.41666,69.75689
262.20000,218.49984,69.89135
262.30003,218.58335,69.88915
262.40003,218.66672,69.81648
262.50000,218.74990,69.83745
262.60000,218.83335,69.59186
262.70000,218.91672,69.83696
262.80003,218.99983,69.70260
262.90003,219.08335,69.80942
263.00000,219.16673,69.71608
263.10000,219.24986,69.92898
263.20000,219.33328,69.98038
263.30003,219.41671,70.01655
263.40003,219.49984,69.78321
263.50000,219.58329,69.94682
263.60000,219.66673,69.84911
263.70000,219.74990,70.17471
263.80003,219.83335,69.98715
263.90003,219.91666,69.96500
264.00000,219.99998,70.00082
264.10000,220.08330,69.95711
264.20000,220.16672,69.88905
264.30003,220.24991,70.28227
264.40003,220.33328,70.00042
264.50000,220.41671,70.10347
264.60000,220.49997,69.96563
264.70000,220.58329,70.11205
264.80003,220.66671,70.15232
264.90003,220.74990,70.31657
265.00000,220.83327,70.19113
265.10000,220.91672,70.16350
265.20000,220.99990,70.25826
265.30003,221.08328,70.03208
265.40003,221.16672,70.26894
265.50000,221.24983,70.30756
265.60000,221.33335,70.30589
265.70000,221.41673,70.30314
265.80003,221.49984,70.18711
265.90003,221.58334,70.48361
266.00000,221.66671,70.45519
266.10000,221.74992,70.56603
266.20000,221.83329,70.52683
266.30003,221.91672,70.57019
266.40003,221.99985,70.62390
266.50000,222.08327,70.46387
266.60000,222.16665,70.51987
266.70000,222.24985,70.68274
266.80003,222.33341,70.60263
266.90003,222.41673,70.55863
267.00000,222.49991,70.51149
267.10000,222.58328,70.68995
267.20000,222.66665,70.59131
267.30003,222.74986,70.58278
267.40003,222.83329,70.79020
267.50000,222.91671,70.63777
267.60000,222.99990,70.73939
267.70000,223.08327,70.53242
267.80003,223.16672,70.67109
267.90003,223.24990,70.76673
268.00000,223.33335,70.72577
268.10000,223.41672,70.73302
268.20000,223.49991,70.74983
268.30003,223.58336,70.86160
268.40003,223.66673,70.65472
268.50000,223.74991,70.79354
268.60000,223.83329,70.87424
268.70000,223.91671,70.94441
268.80003,223.99984,70.99027
268.90003,224.08329,71.02957
269.00000,224.16672,71.01693
269.10000,224.24996,71.07842
269.20000,224.33333,70.96484
269.30003,224.41672,71.14795
269.40003,224.49991,70.97822
269.50000,224.58328,71.17960
269.60000,224.66660,71.04789
269.70000,224.74984,71.29691
269.80003,224.83334,71.16902
269.90003,224.91679,71.26521
270.00000,224.99992,71.22473
270.10000,225.08334,71.16613
270.20000,225.16672,71.39952
270.30003,225.24990,71.34370
270.40003,225.33327,71.45974
270.50000,225.41672,71.30279
270.60000,225.49991,71.32411
270.70000,225.58328,71.28216
270.80003,225.66672,71.52162
270.90003,225.74984,71.27006
271.00000,225.83336,71.48497
271.10000,225.91665,71.32660
271.20000,225.99991,71.35978
271.30003,226.08340,71.34576
271.40003,226.16671,71.28417
271.50000,226.24992,71.52589
271.60000,226.33329,71.53206
271.70000,226.41672,71.43171
271.80003,226.49990,71.39947
271.90003,226.58328,71.47591
272.00000,226.66665,71.30064
272.10000,226.74991,71.43641
272.20000,226.83335,71.58812
272.30003,226.91673,71.60061
272.40003,226.99989,71.50099
272.50000,227.08334,71.30387
272.60000,227.16666,71.45606
272.70000,227.24984,71.53088
272.80003,227.33329,71.46660
272.90003,227.41672,71.42235
273.00000,227.49985,71.55132
273.10000,227.58335,71.46964
273.20000,227.66672,71.44989
273.30003,227.74991,71.50531
273.40003,227.83328,71.58229
273.50000,227.91672,71.53476
273.60000,227.99991,71.78999
273.70000,228.08336,71.63124
273.80003,228.16665,71.89726
273.90003,228.24984,71.79015
274.00000,228.33321,71.97355
274.10000,228.41666,71.74521
274.20000,228.49992,71.75437
274.30003,228.58335,71.75491
274.40003,228.66677,71.90853
274.50000,228.74990,71.99378
274.60000,228.83333,71.93646
274.70000,228.91672,71.88711
274.80003,228.99991,71.93749
274.90003,229.08323,72.11188
275.00000,229.16660,71.96610
275.10000,229.24984,72.00574
275.20000,229.33334,72.04916
275.30003,229.41671,72.06033
275.40003,229.49992,72.04445
275.50000,229.58335,71.91112
275.60000,229.66677,72.36016
275.70000,229.74990,72.11153
275.80003,229.83335,72.14231
275.90003,229.91672,72.01373
276.00000,229.99991,72.30685
276.10000,230.08328,72.21532
276.20000,230.16665,72.34266
276.30003,230.24984,72.25133
276.40003,230.33328,72.22889
276.50000,230.41673,72.29430
276.60000,230.49990,72.44081
276.70000,230.58334,72.38613
276.80003,230.66672,72.30435
276.90003,230.74992,72.51946
277.00000,230.83335,72.29676
277.10000,230.91672,72.58267
277.20000,230.99985,72.47761
277.30003,231.08328,72.57944
277.40003,231.16665,72.54778
277.50000,231.24991,72.64112
277.60000,231.33334,72.29469
277.70000,231.41673,72.52377
277.80003,231.49984,72.62779
277.90003,231.58342,72.82977
278.00000,231.66671,72.70414
278.10000,231.74990,72.78406
278.20000,231.83329,72.75304
278.30003,231.91666,72.75872
278.40003,231.99985,72.76779
278.50000,232.08328,72.88965
278.60000,232.16672,72.85236
278.70000,232.24996,72.82536
278.80003,232.33334,72.83644
278.90003,232.41673,72.65901
279.00000,232.49991,73.07663
279.10000,232.58328,72.66901
279.20000,232.66666,72.91405
279.30003,232.74984,72.93635
279.40003,232.83329,72.79243
279.50000,232.91666,72.99432
279.60000,232.99992,72.86089
279.70000,233.08335,73.04571
279.80003,233.16672,72.73937
279.90003,233.24991,72.87471
280.00000,233.33328,73.05708
280.10000,233.41671,72.84536
280.20000,233.49985,72.81835
280.30003,233.58328,72.93400
280.40003,233.66665,72.95526
280.50000,233.74990,72.90528
280.60000,233.83327,72.83781
280.70000,233.91671,73.01744
280.80003,233.99984,72.97011
280.90003,234.08335,73.05017
281.00000,234.16666,72.98814
281.10000,234.24990,73.00441
281.20000,234.33335,73.14190
281.30003,234.41672,73.07130
281.40003,234.49985,72.99132
281.50000,234.58328,73.13529
281.60000,234.66665,73.28131
281.70000,234.74991,73.06429
281.80003,234.83334,73.03033
281.90003,234.91673,73.24975
282.00000,234.99990,73.12926
282.10000,235.08329,73.08350
282.20000,235.16666,73.23147
282.30003,235.24985,73.26886
282.40003,235.33329,73.23162
282.50000,235.41667,73.20374
282.60000,235.49991,73.18938
282.70000,235.58334,73.32134
282.80003,235.66678,73.25244
282.90003,235.74991,73.25896
283.00000,235.83328,73.47917
283.10000,235.91673,73.49157
283.20000,235.99990,73.58153
283.30003,236.08327,73.53527
283.40003,236.16672,73.27366
283.50000,236.24985,73.47020
283.60000,236.33329,73.64582
283.70000,236.41672,73.55953
283.80003,236.49983,73.45335
283.90003,236.58335,73.58148
284.00000,236.66672,73.58991
284.10000,236.74991,73.73941
284.20000,236.83334,73.72029
284.30003,236.91671,73.73730
284.40003,236.99984,73.66581
284.50000,237.08334,73.69192
284.60000,237.16673,73.81937
284.70000,237.24990,73.64062
284.80003,237.33327,73.92100
284.90003,237.41672,74.04173
285.00000,237.49990,73.93663
285.10000,237.58329,73.93820
285.20000,237.66667,74.07060
285.30003,237.74991,73.99068
285.40003,237.83328,73.99225
285.50000,237.91671,73.92639
285.60000,237.99991,74.07873
285.70000,238.08328,73.92169
285.80003,238.16671,74.00787
285.90003,238.24984,74.14120
286.00000,238.33327,73.87827
286.10000,238.41672,73.91982
286.20000,238.49990,74.21515
286.30003,238.58335,74.02669
286.40003,238.66672,74.16860
286.50000,238.74991,74.31589
286.60000,238.83335,74.33779
286.70000,238.91665,74.23538
286.80003,238.99985,74.20373
286.90003,239.08328,74.23651
287.00000,239.16671,74.46368
287.10000,239.24991,74.29462
287.20000,239.33342,74.62126
287.30003,239.41673,74.22338
287.40003,239.49990,74.33451
287.50000,239.58335,74.16257
287.60000,239.66659,74.26811
287.70000,239.74985,74.24068
287.80003,239.83335,74.31432
287.90003,239.91672,74.16007
288.00000,239.99991,74.43589
288.10000,240.08334,74.24582
288.20000,240.16671,74.21956
288.30003,240.24991,74.44099
288.40003,240.33329,74.29261
288.50000,240.41671,74.18374
288.60000,240.49990,74.36528
288.70000,240.58327,74.51914
288.80003,240.66672,74.55021
288.90003,240.74985,74.37695
289.00000,240.83335,74.44927
289.10000,240.91672,74.50038
289.20000,240.99983,74.65188
289.30003,241.08335,74.57907
289.40003,241.16678,74.64958
289.50000,241.24991,74.59377
289.60000,241.33334,74.72044
289.70000,241.41671,74.42070
289.80003,241.49984,74.60024
289.90003,241.58329,74.64208
290.00000,241.66666,74.64713
290.10000,241.74990,74.61694
290.20000,241.83327,74.82299
290.30003,241.91672,74.77090
290.40003,241.99998,74.75679
290.50000,242.08335,74.69745
290.60000,242.16667,74.86670
290.70000,242.24991,74.89791
290.80003,242.33328,74.94754
290.90003,242.41671,74.84308
291.00000,242.49991,74.95455
291.10000,242.58329,74.99453
291.20000,242.66666,74.96328
291.30003,242.74990,75.13223
291.40003,242.83327,74.92089
291.50000,242.91672,75.24983
291.60000,242.99990,75.18603
291.70000,243.08335,75.10263
291.80003,243.16672,75.24233
291.90003,243.24991,75.11228
292.00000,243.33328,75.35312
292.10000,243.41665,75.21524
292.20000,243.49991,75.18804
292.30003,243.58328,75.07509
292.40003,243.66671,75.14982
292.50000,243.74992,75.23395
292.60000,243.83334,75.16437
292.70000,243.91672,75.45102
292.80003,243.99990,75.21920
292.90003,244.08333,75.34787
293.00000,244.16672,75.36890
293.10000,244.24991,75.44014
293.20000,244.33328,75.47140
293.30003,244.41667,75.31113
293.40003,244.49991,75.52428
293.50000,244.58328,75.61409
293.60000,244.66671,75.61728
293.70000,244.74991,75.44842
293.80003,244.83334,75.64261
293.90003,244.91671,75.78461
294.00000,244.99990,75.75727
294.10000,245.08335,75.60096
294.20000,245.16664,75.85860
294.30003,245.24990,75.65452
294.40003,245.33322,75.67034
294.50000,245.41672,75.82695
294.60000,245.49991,75.90299
294.70000,245.58341,75.75320
294.80003,245.66678,75.82136
294.90003,245.74991,76.11193
295.00000,245.83329,75.88830
295.10000,245.91677,76.19322
295.20000,245.99984,76.17524
295.30003,246.08329,76.13633
295.40003,246.16666,76.15980
295.50000,246.24985,76.14603
295.60000,246.33327,76.22885
295.70000,246.41672,76.21503
295.80003,246.49991,76.36545
295.90003,246.58335,76.36178
296.00000,246.66673,76.52569
296.10000,246.74989,76.40063
296.20000,246.83334,76.41186
296.30003,246.91666,76.12149
296.40003,246.99984,76.33390
296.50000,247.08329,76.62859
296.60000,247.16672,76.49207
296.70000,247.24985,76.45807
296.80003,247.33335,76.59262
296.90003,247.41672,76.49520
297.00000,247.49996,76.62873
297.10000,247.58333,76.77681
297.20000,247.66672,76.54381
297.30003,247.74984,76.61384
297.40003,247.83328,76.90892
297.50000,247.91673,76.60511
297.60000,247.99984,76.60041
297.70000,248.08334,76.72849
297.80003,248.16660,76.77436
297.90003,248.24992,76.62672
298.00000,248.33335,76.65421
298.10000,248.41672,76.71149
298.20000,248.49990,76.68434
298.30003,248.58333,76.91303
298.40003,248.66672,76.58683
298.50000,248.74991,76.70218
298.60000,248.83328,76.76152
298.70000,248.91673,76.70919
298.80003,248.99984,77.04170
298.90003,249.08328,76.67308
299.00000,249.16671,76.85031
299.10000,249.24992,76.69503
299.20000,249.33334,76.93292
299.30003,249.41672,77.01691
299.40003,249.49985,77.04577
299.50000,249.58322,77.08448
299.60000,249.66665,76.85839
299.70000,249.74985,76.73158
299.80003,249.83333,76.97502
299.90003,249.91672,77.07409
300.00000,249.99997,76.95624
300.10000,250.08334,76.94556
300.20000,250.16671,77.11662
300.30003,250.24995,77.08370
300.40003,250.33334,77.05709
300.50000,250.41670,77.14489
300.60000,250.49990,77.04528
300.70000,250.58327,77.37088
300.80003,250.66672,77.22530
300.90003,250.74989,77.15538
301.00000,250.83328,77.32649
301.10000,250.91672,77.13495
301.20000,250.99991,77.23535
301.30003,251.08336,77.38015
301.40003,251.16671,77.31032
301.50000,251.24988,77.38764
301.60000,251.33327,77.30238
301.70000,251.41671,77.61416
301.80003,251.49984,77.46707
301.90003,251.58335,77.66890
302.00000,251.66664,77.77199
302.10000,251.74990,77.56904
302.20000,251.83339,77.51548
302.30003,251.91678,77.89744
302.40003,251.99989,77.81634
302.50000,252.08328,77.56026
302.60000,252.16663,77.72182
302.70000,252.24984,77.72956
302.80003,252.33334,77.84902
302.90003,252.41671,77.56796
303.00000,252.49988,77.71613
303.10000,252.58327,77.70482
303.20000,252.66672,77.72212
303.30003,252.74990,77.98426
303.40003,252.83335,77.91909
303.50000,252.91670,77.86206
303.60000,252.99991,77.75367
303.70000,253.08326,78.06394
303.80003,253.16671,78.06433
303.90003,253.24984,78.14493
304.00000,253.33328,78.10554
304.10000,253.41673,78.14018
304.20000,253.49990,78.00190
304.30003,253.58334,77.94903
304.40003,253.66670,78.02469
304.50000,253.74992,77.89655
304.60000,253.83333,78.22794
304.70000,253.91672,78.21481
304.80003,253.99983,78.31447
304.90003,254.08328,78.25117
305.00000,254.16670,78.19658
305.10000,254.24991,78.37685
305.20000,254.33326,78.27748
305.30003,254.41676,78.45236
305.40003,254.49982,78.53776
305.50000,254.58327,78.48210
305.60000,254.66671,78.29311
305.70000,254.74990,78.45510
305.80003,254.83329,78.29414
305.90003,254.91670,78.45976
306.00000,254.99990,78.36043
306.10000,255.08333,78.45731
306.20000,255.16665,78.55575
306.30003,255.24989,78.52488
306.40003,255.33328,78.67099
306.50000,255.41669,78.70466
306.60000,255.49997,78.62572
306.70000,255.58332,78.58946
306.80003,255.66677,78.72852
306.90003,255.74982,78.66036
307.00000,255.83327,78.85381
307.10000,255.91666,78.72960
307.20000,255.99984,78.91673
307.30003,256.08335,78.65482
307.40003,256.16676,78.85122
307.50000,256.24996,78.87714
307.60000,256.33339,78.82275
307.70000,256.41670,78.97391
307.80003,256.49989,78.77605
307.90003,256.58334,79.10886
308.00000,256.66663,79.03223
308.10000,256.74984,78.94706
308.20000,256.83332,79.06603
308.30003,256.91671,78.96171
308.40003,256.99988,79.03090
308.50000,257.08333,79.04212
308.60000,257.16672,78.97817
308.70000,257.24990,79.18995
308.80003,257.33335,79.17864
308.90003,257.41670,79.21230
309.00000,257.49991,79.35327
309.10000,257.58326,79.29428
309.20000,257.66671,79.27311
309.30003,257.74984,79.21323
309.40003,257.83328,79.13968
309.50000,257.91673,79.35303
309.60000,257.99984,79.27350
309.70000,258.08325,79.37052
309.80003,258.16677,79.34597
309.90003,258.24988,79.44569
310.00000,258.33327,79.35102
310.10000,258.41672,79.48880
310.20000,258.49983,79.35474
310.30003,258.58328,79.36719
310.40003,258.66671,79.37762
310.50000,258.74991,79.47435
310.60000,258.83332,79.55343
310.70000,258.91671,79.46210
310.80003,258.99990,79.26968
310.90003,259.08327,79.39222
311.00000,259.16671,79.41775
311.10000,259.24990,79.58195
311.20000,259.33335,79.54432
311.30003,259.41670,79.52129
311.40003,259.49989,79.69916
311.50000,259.58320,79.72837
311.60000,259.66665,79.74914
311.70000,259.74989,79.83734
311.80003,259.83334,79.51477
311.90003,259.91676,79.78128
312.00000,259.99997,79.86238
312.10000,260.08332,79.89741
312.20000,260.16671,80.00457
312.30003,260.24988,79.88365
312.40003,260.33327,79.91701
312.50000,260.41672,79.76869
312.60000,260.49990,80.01531
312.70000,260.58329,79.81970
312.80003,260.66670,79.99091
312.90003,260.74991,80.12120
313.00000,260.83333,80.04676
313.10000,260.91671,80.24066
313.20000,260.99995,80.07415
313.30003,261.08334,80.07200
313.40003,261.16669,79.90942
313.50000,261.24984,80.19136
313.60000,261.33332,80.25972
313.70000,261.41664,80.22792
313.80003,261.49983,79.89776
313.90003,261.58333,80.03775
314.00000,261.66672,79.94288
314.10000,261.74990,80.09704
314.20000,261.83341,79.99958
314.30003,261.91670,79.95759
314.40003,261.99991,80.10424
314.50000,262.08326,80.16946
314.60000,262.16665,79.97826
314.70000,262.24984,80.06406
314.80003,262.33334,80.02315
314.90003,262.41669,80.44420
315.00000,262.49990,80.30196
315.10000,262.58333,80.11463
315.20000,262.66677,80.15040
315.30003,262.74988,80.23816
315.40003,262.83327,80.31764
315.50000,262.91672,80.19749
315.60000,262.99983,80.39785
315.70000,263.08322,80.33782
315.80003,263.16671,80.31117
315.90003,263.24986,80.25423
316.00000,263.33332,80.34473
316.10000,263.41671,80.17799
316.20000,263.49990,80.16373
316.30003,263.58334,80.13496
316.40003,263.66672,80.07068
316.50000,263.74996,42.96162
316.60000,263.83335,0.40668
316.70000,263.91670,0.46930
316.80003,263.99983,0.70357
316.90003,264.08328,0.44735
317.00000,264.16672,0.62448
317.10000,264.24989,0.50154
317.20000,264.33328,0.56882
317.30003,264.41669,0.68867
317.40003,264.49984,0.67422
317.50000,264.58332,0.43730
317.60000,264.66671,0.60576
317.70000,264.74988,0.61899
317.80003,264.83327,0.58509
317.90003,264.91672,0.50884
318.00000,264.99990,0.47214
318.10000,265.08326,0.50811
318.20000,265.16665,0.45445
318.30003,265.24989,0.67573
318.40003,265.33334,0.58479
318.50000,265.41671,0.36169
318.60000,265.49989,0.50154
318.70000,265.58334,0.54726
318.80003,265.66669,0.67735
318.90003,265.74984,0.49689
319.00000,265.83333,0.66304
319.10000,265.91664,0.27109
319.20000,265.99983,0.73689
319.30003,266.08333,0.61350
319.40003,266.16678,0.51776
319.50000,266.24996,0.66618
319.60000,266.33335,0.74154
319.70000,266.41671,0.65349
319.80003,266.49982,0.60807
319.90003,266.58326,0.67725
320.00000,266.66665,0.62242
320.10000,266.74990,0.45754
320.20000,266.83334,0.50125
320.30003,266.91670,0.64349
320.40003,266.99990,0.80554
320.50000,267.08325,0.74649
320.60000,267.16670,0.65952
320.70000,267.24989,0.69960
320.80003,267.33333,0.61855
320.90003,267.41678,0.76521
321.00000,267.49989,0.72424
321.10000,267.58328,0.72135
321.20000,267.66663,0.43475
321.30003,267.74982,0.57622
321.40003,267.83332,0.62732
321.50003,267.91671,0.60174
321.60000,267.99990,0.60111
321.70000,268.08335,0.45068
321.80003,268.16679,0.72268
321.90003,268.24990,0.63776
322.00003,268.33326,0.69984
322.10000,268.41670,0.61938
322.20000,268.49989,0.67495
322.30003,268.58328,0.67809
322.40003,268.66673,0.60640
322.50003,268.74995,0.66148
322.60000,268.83334,0.66530
322.70000,268.91669,0.49341
322.80003,268.99997,0.65868
322.90003,269.08332,0.59841
323.00003,269.16666,0.36135
323.10000,269.24983,0.78603
323.20000,269.33327,0.62350
323.30003,269.41678,0.70170
323.40003,269.49985,0.59175
323.50003,269.58326,0.66466
323.60000,269.66671,0.61581
323.70000,269.74997,0.72978
323.80003,269.83334,0.63918
323.90003,269.91678,0.67730
324.00003,269.99990,0.57680
324.10000,270.08329,0.50526
324.20000,270.16664,0.72934
324.30003,270.24984,0.56475
324.40003,270.33333,0.61571
324.50003,270.41664,0.46758
324.60000,270.49994,0.48606
324.70000,270.58333,0.39203
324.80003,270.66678,0.48165
324.90003,270.74983,0.75330
325.00003,270.83326,0.59998
325.10000,270.91671,0.68980
325.20000,270.99987,0.61277
325.30003,271.08332,0.73008
325.40003,271.16677,0.63271
325.50003,271.24984,0.75781
325.60000,271.33334,0.44548
325.70000,271.41664,0.54290
325.80003,271.49985,0.48836
325.90003,271.58333,0.65128
326.00003,271.66670,0.44583
326.10000,271.74989,0.64090
326.20000,271.83333,0.62193
326.30003,271.91672,0.72165
326.40003,271.99989,0.66711
326.50003,272.08326,0.73473
326.60000,272.16671,0.85664
326.70000,272.24988,0.87722
326.80003,272.33332,0.53060
326.90003,272.41677,0.58028
327.00003,272.49996,0.65427
327.10000,272.58335,0.55961
327.20000,272.66664,0.61620
327.23603,272.69660,0.70768
