Time,Extension,Load,
(sec),(mm),(N),(kgf)
0,0,-0.978507537,-0.09978
0.02,0.01144,-0.950656651,-0.09694
0.04,0.06762,-0.587516402,-0.05991
0.06,0.16462,-0.197015599,-0.02009
0.08,0.27756,-0.072373077,-0.00738
0.1,0.38581,-0.188385747,-0.01921
0.12,0.48287,-0.173969971,-0.01774
0.14,0.57106,-0.02549729,-0.0026
0.16,0.65537,0.378144424,0.03856
0.18,0.73931,0.697645081,0.07114
0.2,0.82406,0.936927341,0.09554
0.22,0.90937,0.991844581,0.10114
0.24,0.99475,1.104719123,0.11265
0.26,1.07956,1.199843628,0.12235
0.28,1.16387,1.294673933,0.13202
0.3,1.24794,1.577693852,0.16088
0.32,1.33169,1.757842013,0.17925
0.34,1.41537,1.797558945,0.1833
0.36,1.499,1.971528916,0.20104
0.38,1.58256,2.121178395,0.2163
0.4,1.666,2.196395401,0.22397
0.42,1.7495,2.257000498,0.23015
0.44,1.83287,2.414887563,0.24625
0.46,1.91631,2.635046855,0.2687
0.48,1.99981,2.741252875,0.27953
0.5,2.08319,2.778812344,0.28336
0.52,2.16662,2.978083472,0.30368
0.54,2.25006,3.174902938,0.32375
0.56,2.33337,3.32082589,0.33863
0.58,2.41669,3.410360604,0.34776
0.6,2.5,3.561677214,0.36319
0.62,2.58325,3.703775572,0.37768
0.64,2.66656,3.596392755,0.36673
0.66,2.74994,3.613652459,0.36849
0.68,2.83331,3.745257702,0.38191
0.7,2.91662,3.9033409,0.39803
0.72,3.00006,4.147820684,0.42296
0.74,3.08337,4.344247884,0.44299
0.76,3.16669,4.457318558,0.45452
0.78,3.25006,4.442510517,0.45301
0.8,3.33331,4.630896263,0.47222
0.82,3.41662,4.589021868,0.46795
0.84,3.5,4.652765093,0.47445
0.86,3.58325,4.72317684,0.48163
0.88,3.66656,4.916073645,0.5013
0.9,3.75006,5.097006338,0.51975
0.92,3.83337,5.12132683,0.52223
0.94,3.91669,5.11152018,0.52123
0.96,4.00012,5.2370453,0.53403
0.98,4.08337,5.503295847,0.56118
1,4.16669,5.592340229,0.57026
1.02,4.25006,5.731104327,0.58441
1.04,4.33325,5.849176393,0.59645
1.06,4.41662,5.78033371,0.58943
1.08,4.5,5.766800533,0.58805
1.1,4.58331,6.104933825,0.62253
1.12,4.66662,6.316267132,0.64408
1.14,4.75012,6.337155297,0.64621
1.16,4.83344,6.360985456,0.64864
1.18,4.91669,6.254092971,0.63774
1.2,5.00012,6.296359633,0.64205
1.22,5.08337,6.576437557,0.67061
1.24,5.16662,6.816308216,0.69507
1.26,5.25,6.775022219,0.69086
1.28,5.33325,6.723831506,0.68564
1.3,5.41656,6.777473882,0.69111
1.32,5.5,6.829547193,0.69642
1.34,5.58331,7.00812629,0.71463
1.36,5.66669,7.04931422,0.71883
1.38,5.75006,7.217792467,0.73601
1.4,5.83337,7.290852009,0.74346
1.42,5.91669,7.270061911,0.74134
1.44,6.00006,7.347338313,0.74922
1.46,6.08337,7.400196157,0.75461
1.48,6.16662,7.449621673,0.75965
1.5,6.25,7.614765659,0.77649
1.52,6.33331,7.818253646,0.79724
1.54,6.41662,7.847673596,0.80024
1.56,6.5,7.848458128,0.80032
1.58,6.58331,7.834924951,0.79894
1.6,6.66662,7.970943187,0.81281
1.62,6.75006,8.15746567,0.83183
1.64,6.83337,8.077345339,0.82366
1.66,6.91669,8.190219881,0.83517
1.68,7.00012,8.164232258,0.83252
1.7,7.08337,8.281519792,0.84448
1.72,7.16662,8.365856982,0.85308
1.74,7.25,8.487655575,0.8655
1.76,7.33325,8.508053407,0.86758
1.78,7.41656,8.403024186,0.85687
1.8,7.5,8.433719,0.86
1.82,7.58337,8.555125327,0.87238
1.84,7.66675,8.818531946,0.89924
1.86,7.75012,8.864525135,0.90393
1.88,7.83337,8.925914764,0.91019
1.9,7.91662,9.043300364,0.92216
1.92,8,9.089783885,0.9269
1.94,8.08319,9.061050401,0.92397
1.96,8.16656,9.039377704,0.92176
1.98,8.25006,9.13028535,0.93103
2,8.33344,9.03976997,0.9218
2.02,8.41675,9.02800199,0.9206
2.04,8.50012,9.206581087,0.93881
2.06,8.58337,9.251495544,0.94339
2.08,8.66656,9.266793918,0.94495
2.1,8.74994,9.229822847,0.94118
2.12,8.83319,9.206188821,0.93877
2.14,8.91656,9.366429482,0.95511
2.16,9,9.421935121,0.96077
2.18,9.08331,9.513823431,0.97014
2.2,9.16669,9.652195263,0.98425
2.22,9.25012,9.850485726,1.00447
2.24,9.33337,9.847445664,1.00416
2.26,9.41669,9.742906775,0.9935
2.28,9.50012,9.768109866,0.99607
2.3,9.58337,9.889908459,1.00849
2.32,9.66662,9.960516339,1.01569
2.34,9.75,10.01141285,1.02088
2.36,9.83331,10.04995299,1.02481
2.38,9.91656,10.17734137,1.0378
2.4,10,10.08976799,1.02887
2.42,10.08331,9.985327163,1.01822
2.44,10.16669,9.941491438,1.01375
2.46,10.25006,10.10006497,1.02992
2.48,10.33337,10.26981808,1.04723
2.5,10.41662,10.40201172,1.06071
2.52,10.5,10.42966647,1.06353
2.54,10.58325,10.4176043,1.0623
2.56,10.66656,10.393578,1.05985
2.58,10.75,10.42829354,1.06339
2.6,10.83325,10.3971084,1.06021
2.62,10.91662,10.36817878,1.05726
2.64,11.00006,10.52743878,1.0735
2.66,11.08337,10.58147342,1.07901
2.68,11.16669,10.53361696,1.07413
2.7,11.25006,10.49272323,1.06996
2.72,11.33337,10.69248469,1.09033
2.74,11.41662,10.77172243,1.09841
2.76,11.5,10.8485085,1.10624
2.78,11.58325,10.9032296,1.11182
2.8,11.66656,10.80506504,1.10181
2.82,11.75,10.83213139,1.10457
2.84,11.83337,11.02826439,1.12457
2.86,11.91669,11.03816911,1.12558
2.88,12.00012,11.1623213,1.13824
2.9,12.08344,11.06317606,1.12813
2.92,12.16669,11.11760297,1.13368
2.94,12.25006,11.10583499,1.13248
2.96,12.33331,11.07984737,1.12983
2.98,12.41662,11.14133507,1.1361
3,12.5,11.2574458,1.14794
3.02,12.58331,11.41719613,1.16423
3.04,12.66669,11.33099568,1.15544
3.06,12.75006,11.2773533,1.14997
3.08,12.83337,11.46828878,1.16944
3.1,12.91669,11.39307177,1.16177
3.12,13.00006,11.31344177,1.15365
3.14,13.08337,11.3935621,1.16182
3.16,13.16662,11.4164116,1.16415
3.18,13.25,11.32550395,1.15488
3.2,13.33331,11.27607844,1.14984
3.22,13.41662,11.31324564,1.15363
3.24,13.50006,11.3546297,1.15785
3.26,13.58331,11.45259814,1.16784
3.28,13.66668,11.48084129,1.17072
3.3,13.75006,11.62029185,1.18494
3.32,13.83337,11.59283323,1.18214
3.34,13.91669,11.60440508,1.18332
3.36,14.00012,11.63813995,1.18676
3.38,14.08337,11.74071751,1.19722
3.4,14.16662,11.72208488,1.19532
3.42,14.25006,11.62107638,1.18502
3.44,14.33331,11.74169818,1.19732
3.46,14.41662,11.78102284,1.20133
3.48,14.50006,11.86555617,1.20995
3.5,14.58337,11.73630452,1.19677
3.52,14.66669,11.83280196,1.20661
3.54,14.75006,11.93008392,1.21653
3.56,14.83337,11.92233667,1.21574
3.58,14.91669,11.99019869,1.22266
3.6,15.00006,11.91439328,1.21493
3.62,15.08331,11.98804123,1.22244
3.64,15.16656,12.18123223,1.24214
3.66,15.25,12.08738259,1.23257
3.68,15.33331,12.09601244,1.23345
3.7,15.41669,11.99392522,1.22304
3.72,15.50012,11.90233111,1.2137
3.74,15.58337,11.89880071,1.21334
3.76,15.66675,11.96362267,1.21995
3.78,15.75006,12.15092968,1.23905
3.8,15.83331,12.26929595,1.25112
3.82,15.91656,12.2006494,1.24412
3.84,16,12.25488017,1.24965
3.86,16.08325,12.1822129,1.24224
3.88,16.16662,12.1221962,1.23612
3.9,16.25006,12.22967708,1.24708
3.92,16.33337,12.3745213,1.26185
3.94,16.41662,12.44620791,1.26916
3.96,16.50006,12.46827288,1.27141
3.98,16.58337,12.37785556,1.26219
4,16.66668,12.28773245,1.253
4.02,16.75012,12.2963623,1.25388
4.04,16.83337,12.15328328,1.23929
4.06,16.91669,12.1385733,1.23779
4.08,17,12.40786391,1.26525
4.1,17.08325,12.41649376,1.26613
4.12,17.16656,12.30283469,1.25454
4.14,17.24993,12.44875764,1.26942
4.16,17.33331,12.55604239,1.28036
4.18,17.41668,12.42845788,1.26735
4.2,17.50012,12.39864566,1.26431
4.22,17.58344,12.33990383,1.25832
4.24,17.66669,12.26782495,1.25097
4.26,17.75006,12.39491913,1.26393
4.28,17.83331,12.7691409,1.30209
4.3,17.91662,12.85906788,1.31126
4.32,18,12.70196535,1.29524
4.34,18.08331,12.63194587,1.2881
4.36,18.16669,12.68382304,1.29339
4.38,18.25012,12.74276101,1.2994
4.4,18.33337,12.84416177,1.30974
4.42,18.41668,12.75982458,1.30114
4.44,18.50006,12.66479814,1.29145
4.46,18.58331,12.70873193,1.29593
4.48,18.66662,12.85318389,1.31066
4.5,18.75,12.96821589,1.32239
4.52,18.83331,12.76531631,1.3017
4.54,18.91662,12.81837028,1.30711
4.56,19.00006,12.81209403,1.30647
4.58,19.08337,12.89417569,1.31484
4.6,19.16668,12.87936764,1.31333
4.62,19.25006,12.92016331,1.31749
4.64,19.33337,12.9822394,1.32382
4.66,19.41668,12.96900043,1.32247
4.68,19.5,12.89868675,1.3153
4.7,19.58331,12.97439408,1.32302
4.72,19.66662,12.94673933,1.3202
4.74,19.75,13.07775617,1.33356
4.76,19.83331,13.05931967,1.33168
4.78,19.91662,12.85308582,1.31065
4.8,20.00006,12.97713995,1.3233
4.82,20.08337,13.0823653,1.33403
4.84,20.16668,12.89819641,1.31525
4.86,20.25006,12.88270191,1.31367
4.88,20.33337,13.03313592,1.32901
4.9,20.41662,13.13944,1.33985
4.92,20.5,13.29007015,1.35521
4.94,20.58331,13.18817905,1.34482
4.96,20.66662,13.06647853,1.33241
4.98,20.75,13.10884325,1.33673
5,20.83331,13.16277983,1.34223
5.02,20.91669,13.06559593,1.33232
5.04,21.00006,13.15248285,1.34118
5.06,21.08331,13.30556465,1.35679
5.08,21.16662,13.16984062,1.34295
5.1,21.25,13.19543597,1.34556
5.12,21.33325,13.16209336,1.34216
5.14,21.41656,13.09589848,1.33541
5.16,21.5,13.26859358,1.35302
5.18,21.58331,13.42775551,1.36925
5.2,21.66662,13.51954576,1.37861
5.22,21.75006,13.39990463,1.36641
5.24,21.83337,13.5501425,1.38173
5.26,21.91675,13.44403455,1.37091
5.28,22.00012,13.39392257,1.3658
5.3,22.08337,13.51434823,1.37808
5.32,22.16662,13.51062171,1.3777
5.34,22.25,13.54661211,1.38137
5.36,22.33325,13.42314639,1.36878
5.38,22.41656,13.36401229,1.36275
5.4,22.5,13.26790712,1.35295
5.42,22.58331,13.33576914,1.35987
5.44,22.66668,13.51307337,1.37795
5.46,22.75006,13.51032751,1.37767
5.48,22.83337,13.60751141,1.38758
5.5,22.91675,13.72058208,1.39911
5.52,23.00006,13.61967165,1.38882
5.54,23.08331,13.4965982,1.37627
5.56,23.16662,13.373917,1.36376
5.58,23.25,13.45246827,1.37177
5.6,23.33325,13.50895457,1.37753
5.62,23.41656,13.52876401,1.37955
5.64,23.5,13.54259138,1.38096
5.66,23.58337,13.7503943,1.40215
5.68,23.66669,13.69145633,1.39614
5.7,23.75012,13.65634852,1.39256
5.72,23.83337,13.66223251,1.39316
5.74,23.91668,13.54082619,1.38078
5.76,24.00006,13.47512163,1.37408
5.78,24.08331,13.54857344,1.38157
5.8,24.16662,13.67174496,1.39413
5.82,24.24994,13.78295238,1.40547
5.84,24.33325,13.92858113,1.42032
5.86,24.41662,13.85816938,1.41314
5.88,24.50006,13.93603418,1.42108
5.9,24.58343,13.91318469,1.41875
5.92,24.66675,13.96506187,1.42404
5.94,24.75012,13.83502569,1.41078
5.96,24.83337,13.77353799,1.40451
5.98,24.91656,13.80786127,1.40801
6,24.99993,13.82443451,1.4097
6.02,25.08325,13.99467795,1.42706
6.04,25.16662,14.08038807,1.4358
6.06,25.25006,14.03429682,1.4311
6.08,25.33343,14.03723881,1.4314
6.1,25.41675,14.04439766,1.43213
6.12,25.50012,13.93936844,1.42142
6.14,25.58331,13.93024826,1.42049
6.16,25.66656,14.10686603,1.4385
6.18,25.74993,14.11108288,1.43893
6.2,25.83318,14.13030392,1.44089
6.22,25.91656,13.98742103,1.42632
6.24,26,13.87925368,1.41529
6.26,26.08337,13.9828119,1.42585
6.28,26.16668,14.06852202,1.43459
6.3,26.25012,13.88807966,1.41619
6.32,26.33337,14.00458267,1.42807
6.34,26.41669,14.09499998,1.43729
6.36,26.50006,14.05361592,1.43307
6.38,26.58337,14.1192224,1.43976
6.4,26.66662,14.13167685,1.44103
6.42,26.75,14.18061203,1.44602
6.44,26.83331,14.12020307,1.43986
6.46,26.91662,14.29995896,1.45819
6.48,27.00006,14.27475587,1.45562
6.5,27.08337,14.17129572,1.44507
6.52,27.16668,14.21209138,1.44923
6.54,27.25006,14.29789957,1.45798
6.56,27.33337,14.20463833,1.44847
6.58,27.41668,14.13403045,1.44127
6.6,27.5,14.2811302,1.45627
6.62,27.58331,14.42930868,1.47138
6.64,27.66662,14.43901726,1.47237
6.66,27.75006,14.35418974,1.46372
6.68,27.83331,14.33889136,1.46216
6.7,27.91668,14.46912368,1.47544
6.72,28.00006,14.44980458,1.47347
6.74,28.08337,14.51070387,1.47968
6.76,28.16668,14.39027821,1.4674
6.78,28.25006,14.42636668,1.47108
6.8,28.33331,14.63730772,1.49259
6.82,28.41662,14.64613371,1.49349
6.84,28.5,14.54649814,1.48333
6.86,28.58331,14.37811796,1.46616
6.88,28.66662,14.3976332,1.46815
6.9,28.75,14.40969538,1.46938
6.92,28.83337,14.53796636,1.48246
6.94,28.91668,14.6136737,1.49018
6.96,29.00012,14.55120534,1.48381
6.98,29.08337,14.73056897,1.5021
7,29.16669,14.74959387,1.50404
7.02,29.25006,14.71007307,1.50001
7.04,29.33337,14.87011759,1.51633
7.06,29.41662,14.82265341,1.51149
7.08,29.5,14.69075397,1.49804
7.1,29.58331,14.46784881,1.47531
7.12,29.66662,14.60318058,1.48911
7.14,29.75,14.72635211,1.50167
7.16,29.83337,14.63593479,1.49245
7.18,29.91668,14.77165883,1.50629
7.2,30.00006,14.89296709,1.51866
7.22,30.08337,14.80490337,1.50968
7.24,30.16668,14.87737452,1.51707
7.26,30.25006,14.95072826,1.52455
7.28,30.33331,14.88345464,1.51769
7.3,30.41662,14.8689408,1.51621
7.32,30.50006,14.80617824,1.50981
7.34,30.58331,14.77616989,1.50675
7.36,30.66662,14.83618659,1.51287
7.38,30.75006,14.79411606,1.50858
7.4,30.83337,14.93160529,1.5226
7.42,30.91668,14.90934419,1.52033
7.44,31.00006,14.94288294,1.52375
7.46,31.08331,14.91130552,1.52053
7.48,31.16662,15.0229052,1.53191
7.5,31.25,14.87864938,1.5172
7.52,31.33325,14.9432752,1.52379
7.54,31.41662,15.05144255,1.53482
7.56,31.50006,15.12342336,1.54216
7.58,31.58337,15.03388865,1.53303
7.6,31.66674,15.05987627,1.53568
7.62,31.75012,15.02751433,1.53238
7.64,31.83337,15.06664286,1.53637
7.66,31.91662,15.10184873,1.53996
7.68,31.99999,15.08635423,1.53838
7.7,32.08324,15.03741904,1.53339
7.72,32.16656,15.09880867,1.53965
7.74,32.24999,15.03830164,1.53348
7.76,32.33331,15.15745244,1.54563
7.78,32.41668,15.1979539,1.54976
7.8,32.50012,15.19079505,1.54903
7.82,32.58343,15.17637927,1.54756
7.84,32.66668,15.28415436,1.55855
7.86,32.75,15.29484361,1.55964
7.88,32.83324,15.19530611,1.54949
7.9,32.91656,15.13734881,1.54358
7.92,33,15.221686,1.55218
7.94,33.08331,15.22119566,1.55213
7.96,33.16668,15.23619984,1.55366
7.98,33.25012,15.37957306,1.56828
8,33.33337,15.4731285,1.57782
8.02,33.41668,15.50568658,1.58114
8.04,33.50006,15.4344903,1.57388
8.06,33.58337,15.35250671,1.56552
8.08,33.66668,15.3940869,1.56976
8.1,33.75012,15.48136609,1.57866
8.12,33.83337,15.44361049,1.57481
8.14,33.91668,15.45125967,1.57559
8.16,34.00006,15.44655248,1.57511
8.18,34.08331,15.44704281,1.57516
8.2,34.16656,15.45076934,1.57554
8.22,34.25,15.39320431,1.56967
8.24,34.33331,15.55138557,1.5858
8.26,34.41668,15.58561078,1.58929
8.28,34.50006,15.77027,1.60812
8.3,34.58337,15.846958,1.61594
8.32,34.66662,15.66563304,1.59745
8.34,34.75,15.68034302,1.59895
8.36,34.83331,15.67573389,1.59848
8.38,34.91662,15.62356251,1.59316
8.4,34.99999,15.60826414,1.5916
8.42,35.08331,15.76811254,1.6079
8.44,35.16668,15.71005717,1.60198
8.46,35.25006,15.7664454,1.60773
8.48,35.33337,15.77164293,1.60826
8.5,35.41662,15.69466073,1.60041
8.52,35.49999,15.6502366,1.59588
8.54,35.58331,15.65494379,1.59636
8.56,35.66656,15.77291779,1.60839
8.58,35.74993,15.92403827,1.6238
8.6,35.83324,15.80616234,1.61178
8.62,35.91662,15.89559899,1.6209
8.64,35.99999,15.82185298,1.61338
8.66,36.08331,15.91099543,1.62247
8.68,36.16668,16.04269874,1.6359
8.7,36.25006,16.01690725,1.63327
8.72,36.33337,15.86500224,1.61778
8.74,36.41668,15.77036806,1.60813
8.76,36.50006,15.86676743,1.61796
8.78,36.58331,15.97503285,1.629
8.8,36.66656,16.07741428,1.63944
8.82,36.74999,16.07888527,1.63959
8.84,36.83331,16.14419756,1.64625
8.86,36.91662,16.11693508,1.64347
8.88,37.00006,16.09908697,1.64165
8.9,37.08337,16.12497653,1.64429
8.92,37.16668,15.98709503,1.63023
8.94,37.25012,15.90089458,1.62144
8.96,37.33337,16.05132859,1.63678
8.98,37.41662,16.09192812,1.64092
9,37.49999,16.12527073,1.64432
9.02,37.58331,16.03956061,1.63558
9.04,37.66662,16.20676399,1.65263
9.06,37.74999,16.23991047,1.65601
9.08,37.83337,16.26697682,1.65877
9.1,37.91668,16.17087165,1.64897
9.12,38.00012,16.03956061,1.63558
9.14,38.08337,16.1013425,1.64188
9.16,38.16668,16.1988206,1.65182
9.18,38.25,16.161065,1.64797
9.2,38.33324,16.11968094,1.64375
9.22,38.41656,16.18999462,1.65092
9.24,38.5,16.14733569,1.64657
9.26,38.58331,16.20215486,1.65216
9.28,38.66668,16.32709159,1.6649
9.3,38.75012,16.44859598,1.67729
9.32,38.83343,16.4365338,1.67606
9.34,38.91675,16.3402325,1.66624
9.36,39.00012,16.43084594,1.67548
9.38,39.08331,16.40260279,1.6726
9.4,39.16656,16.42947301,1.67534
9.42,39.24993,16.5360713,1.68621
9.44,39.33324,16.55950919,1.6886
9.46,39.41662,16.57814183,1.6905
9.48,39.49999,16.48340959,1.68084
9.5,39.58337,16.38642182,1.67095
9.52,39.66668,16.46330595,1.67879
9.54,39.75012,16.475172,1.68
9.56,39.83337,16.52861824,1.68545
9.58,39.91668,16.53558096,1.68616
9.6,40.00005,16.56352992,1.68901
9.62,40.08331,16.4728184,1.67976
9.64,40.16655,16.43663187,1.67607
9.66,40.24993,16.49821763,1.68235
9.68,40.33331,16.47850626,1.68034
9.7,40.41662,16.669834,1.69985
9.72,40.50006,16.74877754,1.7079
9.74,40.58337,16.70778574,1.70372
9.76,40.66668,16.73436176,1.70643
9.78,40.75006,16.8100691,1.71415
9.8,40.83337,16.91754998,1.72511
9.82,40.91668,16.81026523,1.71417
9.84,41.00006,16.7295565,1.70594
9.86,41.08331,16.69876362,1.7028
9.88,41.16655,16.68385751,1.70128
9.9,41.24993,16.72249571,1.70522
9.92,41.33324,16.70013655,1.70294
9.94,41.41662,16.64011985,1.69682
9.96,41.50006,16.69866555,1.70279
9.98,41.58337,16.90313421,1.72364
10,41.66674,16.81722795,1.71488
10.02,41.75012,16.95079453,1.7285
10.04,41.83331,17.14329906,1.74813
10.06,41.91656,17.06337487,1.73998
10.08,41.99999,16.86027915,1.71927
10.1,42.08331,16.81271689,1.71442
10.12,42.16668,16.9634451,1.72979
10.14,42.25012,16.90597813,1.72393
10.16,42.33343,16.78270854,1.71136
10.18,42.41674,16.90499747,1.72383
10.2,42.50005,17.0644536,1.74009
10.22,42.5833,17.12113604,1.74587
10.24,42.66656,17.11515398,1.74526
10.26,42.74993,17.12858909,1.74663
10.28,42.83324,17.23450091,1.75743
10.3,42.91662,17.14722172,1.74853
10.32,42.99999,17.12643163,1.74641
10.34,43.0833,17.19439171,1.75334
10.36,43.16668,17.26902032,1.76095
10.38,43.25012,17.34502186,1.7687
10.4,43.33337,17.21763347,1.75571
10.42,43.41668,17.17801461,1.75167
10.44,43.50012,17.1841928,1.7523
10.46,43.58337,17.34296246,1.76849
10.48,43.66668,17.32383949,1.76654
10.5,43.75006,17.26911838,1.76096
10.52,43.83331,17.23479511,1.75746
10.54,43.91662,17.4733909,1.78179
10.56,44.00006,17.54625431,1.78922
10.58,44.08337,17.51869763,1.78641
10.6,44.16668,17.46005386,1.78043
10.62,44.25006,17.5518441,1.78979
10.64,44.33337,17.60627101,1.79534
10.66,44.41668,17.38267939,1.77254
10.68,44.50005,17.42092533,1.77644
10.7,44.58331,17.44083283,1.77847
10.72,44.66656,17.47152764,1.7816
10.74,44.74999,17.40003716,1.77431
10.76,44.83331,17.54713691,1.78931
10.78,44.91662,17.56155269,1.79078
10.8,45.00006,17.52811201,1.78737
10.82,45.08337,17.51624596,1.78616
10.84,45.16668,17.6689355,1.80173
10.86,45.25006,17.59469916,1.79416
10.88,45.3333,17.70335685,1.80524
10.9,45.41662,17.65550039,1.80036
10.92,45.49999,17.57871432,1.79253
10.94,45.58324,17.6540294,1.80021
10.96,45.66655,17.69011787,1.80389
10.98,45.75,17.66560124,1.80139
11,45.83337,17.65442166,1.80025
11.02,45.91668,17.70080712,1.80498
11.04,46.00012,17.73179613,1.80814
11.06,46.08337,17.66962197,1.8018
11.08,46.16662,17.69923805,1.80482
11.1,46.24999,17.75817602,1.81083
11.12,46.3333,17.75945088,1.81096
11.14,46.41656,17.8109358,1.81621
11.16,46.49993,17.88164174,1.82342
11.18,46.58324,17.83760988,1.81893
11.2,46.66662,17.87330609,1.82257
11.22,46.75006,17.88046495,1.8233
11.24,46.83337,17.95891815,1.8313
11.26,46.91668,17.98078697,1.83353
11.28,47.00006,17.93557832,1.82892
11.3,47.08337,17.92998853,1.82835
11.32,47.16668,17.9054719,1.82585
11.34,47.25005,17.97784498,1.83323
11.36,47.33337,17.99667375,1.83515
11.38,47.41662,17.97568752,1.83301
11.4,47.50005,17.89968598,1.82526
11.42,47.58337,17.85035853,1.82023
11.44,47.66668,17.96715573,1.83214
11.46,47.75012,18.1818233,1.85403
11.48,47.83337,18.12582733,1.84832
11.5,47.91668,17.97764885,1.83321
11.52,48.00005,18.16034674,1.85184
11.54,48.0833,18.06482997,1.8421
11.56,48.16662,17.97245132,1.83268
11.58,48.24999,18.09434798,1.84511
11.6,48.3333,18.14485223,1.85026
11.62,48.41668,18.09111179,1.84478
11.64,48.50012,18.27910527,1.86395
11.66,48.58343,18.44836805,1.88121
11.68,48.66675,18.26959282,1.86298
11.7,48.75006,18.21712724,1.85763
11.72,48.8333,18.3375529,1.86991
11.74,48.91662,18.31538987,1.86765
11.76,48.99999,18.33941617,1.8701
11.78,49.08324,18.26890635,1.86291
11.8,49.16662,18.26390496,1.8624
11.82,49.25005,18.45003518,1.88138
11.84,49.33337,18.68215858,1.90505
11.86,49.41668,18.62694714,1.89942
11.88,49.50012,18.53594143,1.89014
11.9,49.58343,18.46121476,1.88252
11.92,49.66668,18.49583223,1.88605
11.94,49.74999,18.50505048,1.88699
11.96,49.83325,18.47710153,1.88414
11.98,49.91656,18.44189566,1.88055
12,49.99999,18.4757286,1.884
12.02,50.08331,18.45650757,1.88204
12.04,50.16668,18.48063193,1.8845
12.06,50.25005,18.45072164,1.88145
12.08,50.33331,18.41708483,1.87802
12.1,50.41668,18.4376788,1.88012
12.12,50.50005,18.46886395,1.8833
12.14,50.58337,18.53927569,1.89048
12.16,50.66668,18.56408652,1.89301
12.18,50.75011,18.5375105,1.8903
12.2,50.83337,18.59782139,1.89645
12.22,50.91662,18.64881597,1.90165
12.24,50.99999,18.80503591,1.91758
12.26,51.08318,18.83475006,1.92061
12.28,51.16655,18.82337434,1.91945
12.3,51.24993,18.7292305,1.90985
12.32,51.33331,18.78375548,1.91541
12.34,51.41668,18.75982725,1.91297
12.36,51.50012,18.70314481,1.90719
12.38,51.58337,18.88770597,1.92601
12.4,51.66662,19.02921593,1.94044
12.42,51.74999,19.08952682,1.94659
12.44,51.83324,19.09443015,1.94709
12.46,51.91656,19.18494553,1.95632
12.48,51.99999,19.0840351,1.94603
12.5,52.08337,18.99842305,1.9373
12.52,52.16668,19.12953796,1.95067
12.54,52.25012,19.21622874,1.95951
12.56,52.33343,19.11718158,1.94941
12.58,52.41668,19.06304887,1.94389
12.6,52.50006,19.15748691,1.95352
12.62,52.58331,19.18671073,1.9565
12.64,52.66662,19.05471322,1.94304
12.66,52.74999,19.10433487,1.9481
12.68,52.83331,19.11649511,1.94934
12.7,52.91662,19.20308783,1.95817
12.72,53.00005,19.27006725,1.965
12.74,53.08337,19.40196669,1.97845
12.76,53.16674,19.20652016,1.95852
12.78,53.25012,19.06451987,1.94404
12.8,53.33337,19.05314415,1.94288
12.82,53.41662,19.15523138,1.95329
12.84,53.49999,19.17435435,1.95524
12.86,53.5833,19.22652572,1.96056
12.88,53.66662,19.12953796,1.95067
12.9,53.74999,19.3410674,1.97224
12.92,53.8333,19.3413616,1.97227
12.94,53.91668,19.38715865,1.97694
12.96,54.00012,19.44717535,1.98306
12.98,54.08343,19.39196391,1.97743
13,54.16668,19.40441836,1.9787
13.02,54.25006,19.37656747,1.97586
13.04,54.3333,19.48071409,1.98648
13.06,54.41662,19.41069461,1.97934
13.08,54.49993,19.42785625,1.98109
13.1,54.58324,19.43109244,1.98142
13.12,54.66662,19.40029956,1.97828
13.14,54.75005,19.39510204,1.97775
13.16,54.83337,19.495326,1.98797
13.18,54.91668,19.54573218,1.99311
13.2,55.00006,19.56613001,1.99519
13.22,55.08337,19.52180396,1.99067
13.24,55.16662,19.55063551,1.99361
13.26,55.24999,19.45178447,1.98353
13.28,55.33325,19.40245703,1.9785
13.3,55.41656,19.67076697,2.00586
13.32,55.49999,19.71156263,2.01002
13.34,55.58337,19.74843564,2.01378
13.36,55.66668,19.66802111,2.00558
13.38,55.75012,19.65850866,2.00461
13.4,55.83337,19.78266085,2.01727
13.42,55.91674,19.69479326,2.00831
13.44,56.00005,19.73460826,2.01237
13.46,56.0833,19.71097423,2.00996
13.48,56.16656,19.62948097,2.00165
13.5,56.24993,19.60927927,1.99959
13.52,56.33324,19.58427232,1.99704
13.54,56.41662,19.70950324,2.00981
13.56,56.49999,19.73343146,2.01225
13.58,56.58337,19.76824507,2.0158
13.6,56.66668,19.847777,2.02391
13.62,56.75012,19.95476755,2.03482
13.64,56.83336,20.03537822,2.04304
13.66,56.91668,20.05685478,2.04523
13.68,57.00005,19.92240561,2.03152
13.7,57.0833,19.82679077,2.02177
13.72,57.16662,19.96830073,2.0362
13.74,57.25006,19.92779927,2.03207
13.76,57.3333,19.89877158,2.02911
13.78,57.41661,19.88033508,2.02723
13.8,57.50006,19.76804894,2.01578
13.82,57.58337,19.71087617,2.00995
13.84,57.66668,19.91818875,2.03109
13.86,57.75006,20.085196,2.04812
13.88,57.83337,20.03920281,2.04343
13.9,57.91668,20.03792795,2.0433
13.92,58.00006,20.23209962,2.0631
13.94,58.08331,20.19826667,2.05965
13.96,58.16655,20.08823606,2.04843
13.98,58.24993,20.12216707,2.05189
14,58.33324,20.0831366,2.04791
14.02,58.41668,20.08470567,2.04807
14.04,58.50011,20.17276938,2.05705
14.06,58.58343,20.27103202,2.06707
14.08,58.66674,20.15168509,2.0549
14.1,58.75012,20.0825482,2.04785
14.12,58.8333,20.12108834,2.05178
14.14,58.91656,20.09902337,2.04953
14.16,58.99993,20.17924177,2.05771
14.18,59.0833,20.38390656,2.07858
14.2,59.16668,20.40930578,2.08117
14.22,59.25012,20.27681794,2.06766
14.24,59.33343,20.22297943,2.06217
14.26,59.41674,20.27554307,2.06753
14.28,59.50006,20.28603619,2.0686
14.3,59.5833,20.34536642,2.07465
14.32,59.66655,20.47442194,2.08781
14.34,59.74993,20.44225612,2.08453
14.36,59.83324,20.40685412,2.08092
14.38,59.91655,20.41901436,2.08216
14.4,60.00006,20.48118853,2.0885
14.42,60.08337,20.49040678,2.08944
14.44,60.16668,20.43029201,2.08331
14.46,60.25012,20.41764143,2.08202
14.48,60.33343,20.54914861,2.09543
14.5,60.41668,20.70840861,2.11167
14.52,60.50006,20.68085192,2.10886
14.54,60.58331,20.67810606,2.10858
14.56,60.66662,20.74430094,2.11533
14.58,60.74999,20.80863257,2.12189
14.6,60.83325,20.84609397,2.12571
14.62,60.91656,20.66300382,2.10704
14.64,60.99999,20.55287514,2.09581
14.66,61.08337,20.51384467,2.09183
14.68,61.16668,20.89718662,2.13092
14.7,61.25005,20.81294749,2.12233
14.72,61.33337,20.72154952,2.11301
14.74,61.41662,20.68202872,2.10898
14.76,61.49999,20.87796558,2.12896
14.78,61.58324,20.89983441,2.13119
14.8,61.66662,20.65623723,2.10635
14.82,61.74999,20.71056607,2.11189
14.84,61.8333,21.00084291,2.14149
14.86,61.91668,20.8489379,2.126
14.88,62.00012,20.74900814,2.11581
14.9,62.08337,20.73498463,2.11438
14.92,62.16668,20.79862979,2.12087
14.94,62.25005,20.84383844,2.12548
14.96,62.33331,21.01761228,2.1432
14.98,62.41655,21.05909441,2.14743
15,62.49999,21.16078937,2.1578
15.02,62.5833,21.11705171,2.15334
15.04,62.66668,21.09910554,2.15151
15.06,62.75005,20.96700997,2.13804
15.08,62.83336,21.04016758,2.1455
15.1,62.91667,21.28209763,2.17017
15.12,63.00011,21.23443731,2.16531
15.14,63.08337,21.02359434,2.14381
15.16,63.16661,20.95838011,2.13716
15.18,63.25005,21.19628944,2.16142
15.2,63.3333,21.19756431,2.16155
15.22,63.41662,21.23375085,2.16524
15.24,63.49999,21.23512378,2.16538
15.26,63.58337,21.22051187,2.16389
15.28,63.66668,21.26670119,2.1686
15.3,63.75005,21.06036927,2.14756
15.32,63.83337,21.11567878,2.1532
15.34,63.91668,21.32956182,2.17501
15.36,64.00005,21.36604255,2.17873
15.38,64.08336,21.30465293,2.17247
15.4,64.16667,21.32250103,2.17429
15.42,64.25005,21.29651341,2.17164
15.44,64.33337,21.37339754,2.17948
15.46,64.41668,21.44312282,2.18659
15.48,64.50005,21.42262693,2.1845
15.5,64.5833,21.38732299,2.1809
15.52,64.66662,21.458127,2.18812
15.54,64.75005,21.35672624,2.17778
15.56,64.83336,21.41693907,2.18392
15.58,64.91668,21.52049729,2.19448
15.6,65.00005,21.61885799,2.20451
15.62,65.0833,21.60032342,2.20262
15.64,65.16661,21.5561935,2.19812
15.66,65.24999,21.53863959,2.19633
15.68,65.3333,21.35084225,2.17718
15.7,65.41668,21.54648491,2.19713
15.72,65.50005,21.63847129,2.20651
15.74,65.58336,21.77086107,2.22001
15.76,65.66667,21.68436641,2.21119
15.78,65.75005,21.62797818,2.20544
15.8,65.8333,21.70515651,2.21331
15.82,65.91661,21.73663586,2.21652
15.84,65.99993,21.74810964,2.21769
15.86,66.08324,21.58188692,2.20074
15.88,66.16655,21.65141607,2.20783
15.9,66.24999,21.68171862,2.21092
15.92,66.33336,21.8679469,2.22991
15.94,66.41667,21.84666647,2.22774
15.96,66.50012,21.88000908,2.23114
15.98,66.58337,21.81361806,2.22437
16,66.66661,21.80861667,2.22386
16.02,66.74992,21.73438033,2.21629
16.04,66.83324,21.83362363,2.22641
16.06,66.91655,21.86990823,2.23011
16.08,66.99999,21.90099531,2.23328
16.1,67.0833,21.91737242,2.23495
16.12,67.16668,21.85627699,2.22872
16.14,67.25011,21.97121093,2.24044
16.16,67.33336,22.00592647,2.24398
16.18,67.41668,22.05701911,2.24919
16.2,67.50011,21.84009602,2.22707
16.22,67.58343,21.88285301,2.23143
16.24,67.66674,22.01455632,2.24486
16.26,67.75011,22.0283837,2.24627
16.28,67.83336,22.05917658,2.24941
16.3,67.91662,22.08987139,2.25254
16.32,67.99993,22.1018355,2.25376
16.34,68.08324,22.21637718,2.26544
16.36,68.16655,21.99288362,2.24265
16.38,68.25005,22.19686194,2.26345
16.4,68.33337,22.31630694,2.27563
16.42,68.41674,22.34513849,2.27857
16.44,68.50012,22.4572285,2.29
16.46,68.58336,22.28806379,2.27275
16.48,68.66667,22.29502651,2.27346
16.5,68.74999,22.45713043,2.28999
16.52,68.8333,22.3957408,2.28373
16.54,68.91668,22.36073106,2.28016
16.56,69.00005,22.39270074,2.28342
16.58,69.08336,22.40819525,2.285
16.6,69.16668,22.25452504,2.26933
16.62,69.25012,22.27629581,2.27155
16.64,69.33337,22.3618098,2.28027
16.66,69.41661,22.41505991,2.2857
16.68,69.49999,22.43663454,2.2879
16.7,69.58324,22.44820638,2.28908
16.72,69.66655,22.50792888,2.29517
16.74,69.74993,22.47968573,2.29229
16.76,69.8333,22.51763746,2.29616
16.78,69.91662,22.46056276,2.29034
16.8,70.00005,22.44418566,2.28867
16.82,70.0833,22.44526439,2.28878
16.84,70.16668,22.48164706,2.29249
16.86,70.25005,22.52371759,2.29678
16.88,70.3333,22.59726746,2.30428
16.9,70.41662,22.46536802,2.29083
16.92,70.49999,22.34180423,2.27823
16.94,70.5833,22.49714157,2.29407
16.96,70.66661,22.48733492,2.29307
16.98,70.74999,22.52626732,2.29704
17,70.8333,22.74603434,2.31945
17.02,70.91661,22.62521641,2.30713
17.04,71.00006,22.66189329,2.31087
17.06,71.08337,22.83978592,2.32901
17.08,71.16661,22.82507594,2.32751
17.1,71.24999,22.71475113,2.31626
17.12,71.33331,22.85292683,2.33035
17.14,71.41655,22.84478731,2.32952
17.16,71.49999,22.87450146,2.33255
17.18,71.5833,22.74505368,2.31935
17.2,71.66661,22.86096828,2.33117
17.22,71.75006,22.86655807,2.33174
17.24,71.83337,22.74495561,2.31934
17.26,71.91668,22.76800124,2.32169
17.28,72.00012,22.80389358,2.32535
17.3,72.08336,22.86685227,2.33177
17.32,72.16662,22.83154833,2.32817
17.34,72.25005,22.7326973,2.31809
17.36,72.3333,22.9882586,2.34415
17.38,72.41661,23.02071861,2.34746
17.4,72.50005,22.91264933,2.33644
17.42,72.58337,22.86950007,2.33204
17.44,72.66674,22.93265489,2.33848
17.46,72.75017,22.95099333,2.34035
17.48,72.83343,22.8500829,2.33006
17.5,72.91668,22.9657033,2.34185
17.52,73.00005,22.96178064,2.34145
17.54,73.0833,23.01914955,2.3473
17.56,73.16662,23.06504467,2.35198
17.58,73.24993,23.08867869,2.35439
17.6,73.3333,23.10750746,2.35631
17.62,73.41661,23.10721326,2.35628
17.64,73.50005,23.03405565,2.34882
17.66,73.58336,23.09976021,2.35552
17.68,73.66668,23.28236003,2.37414
17.7,73.75012,23.24421216,2.37025
17.72,73.83343,23.28343876,2.37425
17.74,73.91667,23.33698307,2.37971
17.76,74.00006,23.38356466,2.38446
17.78,74.0833,23.25578401,2.37143
17.8,74.16661,23.2215588,2.36794
17.82,74.24999,23.55057191,2.40149
17.84,74.3333,23.50987431,2.39734
17.86,74.41662,23.32364603,2.37835
17.88,74.50006,23.21518448,2.36729
17.9,74.58337,23.35208531,2.38125
17.92,74.66668,23.52419202,2.3988
17.94,74.75011,23.52576108,2.39896
17.96,74.83337,23.52919341,2.39931
17.98,74.91662,23.49957733,2.39629
18,74.99999,23.55066998,2.4015
18.02,75.08324,23.45132861,2.39137
18.04,75.16649,23.46643085,2.39291
18.06,75.24993,23.46799992,2.39307
18.08,75.3333,23.72885681,2.41967
18.1,75.41668,23.59852643,2.40638
18.12,75.50012,23.60019356,2.40655
18.14,75.58343,23.56832195,2.4033
18.16,75.66668,23.60117422,2.40665
18.18,75.75005,23.84957667,2.43198
18.2,75.83324,23.89507952,2.43662
18.22,75.91655,23.63618396,2.41022
18.24,75.99992,23.52497655,2.39888
18.26,76.0833,23.75425603,2.42226
18.28,76.16668,23.80642741,2.42758
18.3,76.25011,23.79966082,2.42689
18.32,76.33343,23.848596,2.43188
18.34,76.41668,23.80270088,2.4272
18.36,76.49999,23.79514976,2.42643
18.38,76.58318,23.76504334,2.42336
18.4,76.66649,23.78877544,2.42578
18.42,76.74993,23.91322183,2.43847
18.44,76.83324,23.93175639,2.44036
18.46,76.91661,24.04688647,2.4521
18.48,77.00005,24.10131337,2.45765
18.5,77.08337,23.97529792,2.4448
18.52,77.16668,23.97755345,2.44503
18.54,77.25012,23.9457799,2.44179
18.56,77.33336,23.84300621,2.43131
18.58,77.41667,23.96402027,2.44365
18.6,77.50005,23.92126328,2.43929
18.62,77.5833,24.00216814,2.44754
18.64,77.66661,23.99481315,2.44679
18.66,77.74999,24.08866279,2.45636
18.68,77.83331,24.15103309,2.46272
18.7,77.91668,24.07973874,2.45545
18.72,78.00005,23.93675779,2.44087
18.74,78.08337,24.06228291,2.45367
18.76,78.16668,24.26694769,2.47454
18.78,78.25005,24.38413716,2.48649
18.8,78.33336,24.25871011,2.4737
18.82,78.41662,24.22732883,2.4705
18.84,78.50005,24.26488829,2.47433
18.86,78.58337,24.27067422,2.47492
18.88,78.66668,24.06993209,2.45445
18.9,78.75005,24.2001644,2.46773
18.92,78.83336,24.35873794,2.4839
18.94,78.91667,24.3819797,2.48627
18.96,79.00012,24.41139965,2.48927
18.98,79.08336,24.33422131,2.4814
19,79.16667,24.35373654,2.48339
19.02,79.24998,24.40306399,2.48842
19.04,79.3333,24.38148936,2.48622
19.06,79.4166,24.4200295,2.49015
19.08,79.49999,24.39227668,2.48732
19.1,79.5833,24.37854737,2.48592
19.12,79.66661,24.34442023,2.48244
19.14,79.75006,24.42659995,2.49082
19.16,79.83336,24.50927001,2.49925
19.18,79.91661,24.6720604,2.51585
19.2,80.00005,24.59527433,2.50802
19.22,80.0833,24.56928671,2.50537
19.24,80.16662,24.50564155,2.49888
19.26,80.24999,24.3409879,2.48209
19.28,80.3333,24.37472277,2.48553
19.3,80.41655,24.59900086,2.5084
19.32,80.49999,24.67657146,2.51631
19.34,80.5833,24.74178568,2.52296
19.36,80.66662,24.72462405,2.52121
19.38,80.75004,24.64509212,2.5131
19.4,80.83336,24.5148598,2.49982
19.42,80.91667,24.48122299,2.49639
19.44,81.00005,24.54065129,2.50245
19.46,81.08336,24.73639203,2.52241
19.48,81.16661,24.78012969,2.52687
19.5,81.24999,24.75914345,2.52473
19.52,81.3333,24.85838675,2.53485
19.54,81.41661,24.81337423,2.53026
19.56,81.49998,24.89800562,2.53889
19.58,81.5833,24.78640594,2.52751
19.6,81.66661,24.81876789,2.53081
19.62,81.75005,24.93399602,2.54256
19.64,81.83336,24.79797779,2.52869
19.66,81.91661,24.83230106,2.53219
19.68,82.00006,24.85446409,2.53445
19.7,82.0833,24.77807029,2.52666
19.72,82.16661,24.83269333,2.53223
19.74,82.25005,25.0657974,2.556
19.76,82.33336,24.89320036,2.5384
19.78,82.41667,24.72942931,2.5217
19.8,82.50011,24.81455103,2.53038
19.82,82.58343,24.95782618,2.54499
19.84,82.66673,25.14268154,2.56384
19.86,82.75005,25.15503792,2.5651
19.88,82.83329,25.0675626,2.55618
19.9,82.91661,25.10276847,2.55977
19.92,82.99999,25.19593165,2.56927
19.94,83.08324,25.19642198,2.56932
19.96,83.16661,25.19504905,2.56918
19.98,83.25005,25.19661811,2.56934
20,83.33342,25.13611108,2.56317
20.02,83.41674,25.16455037,2.56607
20.04,83.50012,25.26359753,2.57617
20.06,83.58336,25.18739986,2.5684
20.08,83.66661,25.25006435,2.57479
20.1,83.74993,25.24673009,2.57445
20.12,83.83323,25.20760156,2.57046
20.14,83.91655,25.34420819,2.58439
20.16,83.99999,25.49209248,2.59947
20.18,84.08336,25.38500386,2.58855
20.2,84.16668,25.23662924,2.57342
20.22,84.25005,25.37235328,2.58726
20.24,84.33335,25.47689217,2.59792
20.26,84.41661,25.47846123,2.59808
20.28,84.50005,25.36038917,2.58604
20.3,84.58336,25.35774137,2.58577
20.32,84.66667,25.41001082,2.5911
20.34,84.75005,25.47120431,2.59734
20.36,84.8333,25.32057417,2.58198
20.38,84.91661,25.54583292,2.60495
20.4,84.99992,25.61693113,2.6122
20.42,85.08324,25.41530641,2.59164
20.44,85.16661,25.61575433,2.61208
20.46,85.25005,25.70283738,2.62096
20.48,85.33336,25.70980011,2.62167
20.5,85.41667,25.81120087,2.63201
20.52,85.50005,25.80865114,2.63175
20.54,85.5833,25.69116747,2.61977
20.56,85.66661,25.56113129,2.60651
20.58,85.75005,25.60045596,2.61052
20.6,85.83331,25.68842161,2.61949
20.62,85.91661,25.63909416,2.61446
20.64,86.00005,25.56387715,2.60679
20.66,86.08336,25.62909138,2.61344
20.68,86.16667,25.77609306,2.62843
20.7,86.25005,25.77903505,2.62873
20.72,86.3333,25.81384866,2.63228
20.74,86.41661,25.88122035,2.63915
20.76,86.49998,25.80306135,2.63118
20.78,86.5833,25.79962902,2.63083
20.8,86.66655,25.99703688,2.65096
20.82,86.74999,26.0452856,2.65588
20.84,86.83329,26.01459079,2.65275
20.86,86.91661,25.99752722,2.65101
20.88,87.00011,25.89543999,2.6406
20.9,87.08336,26.03949968,2.65529
20.92,87.16667,25.90122591,2.64119
20.94,87.25011,25.94829783,2.64599
20.96,87.33337,25.9082867,2.64191
20.98,87.41667,25.87935708,2.63896
21,87.49999,26.06009364,2.65739
21.02,87.5833,26.21974591,2.67367
21.04,87.66661,26.23278875,2.675
21.06,87.75004,25.9671266,2.64791
21.08,87.8333,26.02469164,2.65378
21.1,87.91667,26.13276092,2.6648
21.12,88.00011,26.07705915,2.65912
21.14,88.08336,26.01057006,2.65234
21.16,88.16668,25.99213356,2.65046
21.18,88.25005,26.09480918,2.66093
21.2,88.3333,26.05391545,2.65676
21.22,88.41661,26.07705915,2.65912
21.24,88.49998,26.23121969,2.67484
21.26,88.5833,26.39302941,2.69134
21.28,88.66668,26.29231512,2.68107
21.3,88.75005,26.29172672,2.68101
21.32,88.83336,26.27897807,2.67971
21.34,88.91667,26.28741179,2.68057
21.36,89.00005,26.40352253,2.69241
21.38,89.0833,26.38616476,2.69064
21.4,89.16661,26.46628509,2.69881
21.42,89.24999,26.48295639,2.70051
21.44,89.33323,26.56131153,2.7085
21.46,89.41655,26.62083789,2.71457
21.48,89.49999,26.50757108,2.70302
21.5,89.58337,26.39420621,2.69146
21.52,89.66668,26.47422847,2.69962
21.54,89.75011,26.6530037,2.71785
21.56,89.83342,26.74047902,2.72677
21.58,89.91667,26.56552838,2.70893
21.6,89.99999,26.50355036,2.70261
21.62,90.08324,26.62427022,2.71492
21.64,90.16655,26.82305101,2.73519
21.66,90.24993,26.70291955,2.72294
21.68,90.33323,26.69242644,2.72187
21.7,90.4166,26.64947331,2.71749
21.72,90.50005,26.56140959,2.70851
21.74,90.58336,26.54905321,2.70725
21.76,90.66667,26.69262257,2.72189
21.78,90.75006,26.73900802,2.72662
21.8,90.83336,26.71870826,2.72455
21.82,90.91668,26.72792651,2.72549
21.84,90.99999,26.7118436,2.72385
21.86,91.08324,26.74753981,2.72749
21.88,91.16654,26.6559457,2.71815
21.9,91.24999,26.62024949,2.71451
21.92,91.3333,26.82913114,2.73581
21.94,91.41661,26.96073638,2.74923
21.96,91.50005,26.80677197,2.73353
21.98,91.58337,26.9296493,2.74606
22,91.66667,26.95955958,2.74911
22.02,91.75004,26.97681929,2.75087
22.04,91.83336,27.00074751,2.75331
22.06,91.91661,26.91268379,2.74433
22.08,92.00005,26.87100553,2.74008
22.1,92.0833,27.07380705,2.76076
22.12,92.16661,27.11921184,2.76539
22.14,92.24999,27.18844679,2.77245
22.16,92.33336,27.16030171,2.76958
22.18,92.41674,27.09234162,2.76265
22.2,92.50017,27.1269591,2.76618
22.22,92.58342,27.08214271,2.76161
22.24,92.66668,27.00506244,2.75375
22.26,92.75005,27.17118709,2.77069
22.28,92.8333,27.24120657,2.77783
22.3,92.91661,27.42135473,2.7962
22.32,92.99998,27.42292379,2.79636
22.34,93.08336,27.32927029,2.78681
22.36,93.16674,27.17795368,2.77138
22.38,93.25017,27.06674627,2.76004
22.4,93.33342,27.00241464,2.75348
22.42,93.41667,26.97466182,2.75065
22.44,93.49999,27.15686938,2.76923
22.46,93.58324,27.32662249,2.78654
22.48,93.66655,27.65857759,2.82039
22.5,93.74999,27.54305526,2.80861
22.52,93.83329,27.39840717,2.79386
22.54,93.91661,27.2829829,2.78209
22.56,94.00005,27.39575937,2.79359
22.58,94.08336,27.63837589,2.81833
22.6,94.16667,27.34280346,2.78819
22.62,94.25005,27.37879387,2.79186
22.64,94.33337,27.55570584,2.8099
22.66,94.41667,27.5186367,2.80612
22.68,94.50004,27.37006595,2.79097
22.7,94.5833,27.38507013,2.7925
22.72,94.66661,27.45508961,2.79964
22.74,94.74998,27.48127336,2.80231
22.76,94.83323,27.61081921,2.81552
22.78,94.91661,27.57708433,2.81208
22.8,95.00004,27.49225681,2.80343
22.82,95.08336,27.51638117,2.80589
22.84,95.16668,27.56904288,2.81126
22.86,95.25005,27.69819646,2.82443
22.88,95.33335,27.86118298,2.84105
22.9,95.41661,27.79616489,2.83442
22.92,95.49998,27.64563282,2.81907
22.94,95.5833,27.55413677,2.80974
22.96,95.66661,27.55707877,2.81004
22.98,95.74998,27.51079138,2.80532
23,95.8333,27.58502772,2.81289
23.02,95.91667,27.65092841,2.81961
23.04,96.00011,27.88177695,2.84315
23.06,96.08336,27.77586513,2.83235
23.08,96.16661,27.6158206,2.81603
23.1,96.24999,27.79018284,2.83381
23.12,96.33323,28.0268173,2.85794
23.14,96.41655,28.15528442,2.87104
23.16,96.49992,28.10399564,2.86581
23.18,96.58329,27.97474399,2.85263
23.2,96.66661,28.04103694,2.85939
23.22,96.75005,28.07124143,2.86247
23.24,96.83336,28.07732155,2.86309
23.26,96.91667,28.10262271,2.86567
23.28,97.00011,28.20470993,2.87608
23.3,97.08336,28.09477739,2.86487
23.32,97.16661,28.10056331,2.86546
23.34,97.25004,28.08928566,2.86431
23.36,97.3333,28.03652588,2.85893
23.38,97.41661,28.0692801,2.86227
23.4,97.50005,28.0874224,2.86412
23.42,97.58336,28.09556192,2.86495
23.44,97.66674,28.03044576,2.85831
23.46,97.75011,27.9887675,2.85406
23.48,97.83336,28.06221931,2.86155
23.5,97.91668,28.25864651,2.88158
23.52,98.00005,28.3631854,2.89224
23.54,98.08335,28.20500413,2.87611
23.56,98.16667,28.37642437,2.89359
23.58,98.25005,28.31483861,2.88731
23.6,98.33336,28.39417441,2.8954
23.62,98.41667,28.31297535,2.88712
23.64,98.5001,28.30601263,2.88641
23.66,98.58336,28.28610513,2.88438
23.68,98.66667,28.43212615,2.89927
23.7,98.75004,28.45781957,2.90189
23.72,98.83337,28.30267837,2.88607
23.74,98.91661,28.31336761,2.88716
23.76,98.99999,28.35681107,2.89159
23.78,99.0833,28.33396158,2.88926
23.8,99.16661,28.40809985,2.89682
23.82,99.25004,28.40966892,2.89698
23.84,99.33336,28.41565097,2.89759
23.86,99.41667,28.54990401,2.91128
23.88,99.50011,28.57236124,2.91357
23.9,99.58336,28.62325775,2.91876
23.92,99.66668,28.87332733,2.94426
23.94,99.75005,28.8892141,2.94588
23.96,99.8333,28.75868759,2.93257
23.98,99.91654,28.68298025,2.92485
24,99.99998,28.62708235,2.91915
24.02,100.0833,28.74917514,2.9316
24.04,100.16661,28.82998194,2.93984
24.06,100.25005,28.71259634,2.92787
24.08,100.33336,28.49979203,2.90617
24.1,100.41667,28.54745235,2.91103
24.12,100.50011,28.62796495,2.91924
24.14,100.58329,28.70406455,2.927
24.16,100.66655,28.81595843,2.93841
24.18,100.74992,28.84567258,2.94144
24.2,100.83323,28.82184242,2.93901
24.22,100.91661,28.78702881,2.93546
24.24,100.99999,28.86479554,2.94339
24.26,101.08336,28.78232162,2.93498
24.28,101.16661,28.91549592,2.94856
24.3,101.25005,28.92324318,2.94935
24.32,101.3333,28.93765895,2.95082
24.34,101.4166,28.88283978,2.94523
24.36,101.50004,28.92422384,2.94945
24.38,101.5833,28.95707612,2.9528
24.4,101.66667,29.01503342,2.95871
24.42,101.75005,28.8900967,2.94597
24.44,101.8333,28.79997359,2.93678
24.46,101.91655,28.86077482,2.94298
24.48,101.99999,28.9899284,2.95615
24.5,102.08324,29.1052546,2.96791
24.52,102.16661,29.08907363,2.96626
24.54,102.25005,29.09809575,2.96718
24.56,102.33336,29.1831194,2.97585
24.58,102.41673,29.22597446,2.98022
24.6,102.50011,29.26627979,2.98433
24.62,102.58336,29.12231817,2.96965
24.64,102.66667,29.03533319,2.96078
24.66,102.74999,29.10888306,2.96828
24.68,102.8333,29.26265133,2.98396
24.7,102.91667,29.27373285,2.98509
24.72,103.0001,29.32178543,2.98999
24.74,103.08336,29.2030269,2.97788
24.76,103.16674,29.14977679,2.97245
24.78,103.25011,29.20498823,2.97808
24.8,103.33336,29.31295945,2.98909
24.82,103.41661,29.29530748,2.98729
24.84,103.49998,29.27667484,2.98539
24.86,103.5833,29.2805975,2.98579
24.88,103.66655,29.42308813,3.00032
24.9,103.74999,29.5001684,3.00818
24.92,103.8333,29.61598493,3.01999
24.94,103.91667,29.42269586,3.00028
24.96,104.00011,29.3204125,2.98985
24.98,104.08336,29.43014892,3.00104
25,104.16668,29.61284681,3.01967
25.02,104.25005,29.52546955,3.01076
25.04,104.3333,29.65550573,3.02402
25.06,104.41661,29.69237874,3.02778
25.08,104.49998,29.60009816,3.01837
25.1,104.58324,29.68198369,3.02672
25.12,104.66655,29.61137581,3.01952
25.14,104.74999,29.66109552,3.02459
25.16,104.83336,29.67178477,3.02568
25.18,104.91667,29.56901108,3.0152
25.2,105.00005,29.60215756,3.01858
25.22,105.08336,29.76573248,3.03526
25.24,105.16667,29.80799914,3.03957
25.26,105.25005,29.82633758,3.04144
25.28,105.33324,29.86693711,3.04558
25.3,105.41655,29.8493832,3.04379
25.32,105.49999,30.04855627,3.0641
25.34,105.5833,30.06336431,3.06561
25.36,105.66667,29.99981721,3.05913
25.38,105.75011,30.02511837,3.06171
25.4,105.83336,29.8737037,3.04627
25.42,105.91667,29.74955151,3.03361
25.44,106.00004,29.6936536,3.02791
25.46,106.0833,29.77926566,3.03664
25.48,106.16655,29.93205326,3.05222
25.5,106.24993,30.04110321,3.06334
25.52,106.33323,29.94156571,3.05319
25.54,106.41661,29.92548281,3.05155
25.56,106.50005,30.01462526,3.06064
25.58,106.58336,30.05365572,3.06462
25.6,106.66673,30.09347072,3.06868
25.62,106.75011,30.07532842,3.06683
25.64,106.83335,29.96098288,3.05517
25.66,106.91661,30.00168048,3.05932
25.68,106.99999,30.06934636,3.06622
25.7,107.08324,30.03463082,3.06268
25.72,107.16654,30.07728975,3.06703
25.74,107.24999,30.21840744,3.08142
25.76,107.3333,30.34716876,3.09455
25.78,107.41667,30.35452375,3.0953
25.8,107.50011,30.27891447,3.08759
25.82,107.58342,30.30764796,3.09052
25.84,107.66674,30.27293242,3.08698
25.86,107.75011,30.48838452,3.10895
25.88,107.83336,30.51672574,3.11184
25.9,107.91667,30.40816612,3.10077
25.92,107.99998,30.24498346,3.08413
25.94,108.0833,30.13632578,3.07305
25.96,108.16661,30.30333303,3.09008
25.98,108.24999,30.31264935,3.09103
26,108.3333,30.05414606,3.06467
26.02,108.41668,30.22252624,3.08184
26.04,108.50005,30.29921424,3.08966
26.06,108.58336,30.3007833,3.08982
26.08,108.66667,30.33353751,3.09316
26.1,108.75011,30.40983325,3.10094
26.12,108.83336,30.28823079,3.08854
26.14,108.91668,30.26871556,3.08655
26.16,108.99998,30.36070193,3.09593
26.18,109.08323,30.50878235,3.11103
26.2,109.16654,30.43856674,3.10387
26.22,109.24999,30.3596232,3.09582
26.24,109.33336,30.36334973,3.0962
26.26,109.41673,30.59292341,3.11961
26.28,109.5001,30.68540012,3.12904
26.3,109.58342,30.62979641,3.12337
26.32,109.66667,30.57223138,3.1175
26.34,109.74999,30.78621248,3.13932
26.36,109.83324,30.67333794,3.12781
26.38,109.91655,30.49103231,3.10922
26.4,109.99999,30.61616517,3.12198
26.42,110.08336,30.72521512,3.1331
26.44,110.16667,30.79719593,3.14044
26.46,110.25012,30.78984094,3.13969
26.48,110.33342,30.88908424,3.14981
26.5,110.41667,30.7331585,3.13391
26.52,110.49998,30.80631611,3.14137
26.54,110.58323,30.83044047,3.14383
26.56,110.66649,30.5355545,3.11376
26.58,110.74992,30.68902858,3.12941
26.6,110.83324,30.90830527,3.15177
26.62,110.91661,30.95684819,3.15672
26.64,111.00005,30.82004542,3.14277
26.66,111.08336,30.89820442,3.15074
26.68,111.16668,30.92213265,3.15318
26.7,111.2501,30.86133142,3.14698
26.72,111.33336,30.84201232,3.14501
26.74,111.41662,30.89261463,3.15017
26.76,111.49999,30.93958848,3.15496
26.78,111.58324,31.03530139,3.16472
26.8,111.66655,30.97322529,3.15839
26.82,111.74999,30.95321973,3.15635
26.84,111.8333,30.98911207,3.16001
26.86,111.91667,31.11336232,3.17268
26.88,112.00011,31.02520054,3.16369
26.9,112.08336,30.97440209,3.15851
26.92,112.16674,30.89732182,3.15065
26.94,112.25011,31.02421987,3.16359
26.96,112.3333,31.20221057,3.18174
26.98,112.4166,31.22966919,3.18454
27,112.50004,31.36058797,3.19789
27.02,112.5833,31.24153524,3.18575
27.04,112.66667,30.99970325,3.16109
27.06,112.75011,31.07815645,3.16909
27.08,112.83342,31.19701305,3.18121
27.1,112.91673,31.3830452,3.20018
27.12,113.00012,31.3203807,3.19379
27.14,113.08336,31.34362246,3.19616
27.16,113.16661,31.37137528,3.19899
27.18,113.24998,31.36578549,3.19842
27.2,113.33324,31.49974433,3.21208
27.22,113.41661,31.35539044,3.19736
27.24,113.49998,31.18612767,3.1801
27.26,113.58336,31.22692333,3.18426
27.28,113.66667,31.18102821,3.17958
27.3,113.75011,31.3025326,3.19197
27.32,113.83336,31.43904117,3.20589
27.34,113.91667,31.4190356,3.20385
27.36,114.00005,31.27978117,3.18965
27.38,114.08329,31.25957947,3.18759
27.4,114.16661,31.40687536,3.20261
27.42,114.24999,31.49729267,3.21183
27.44,114.33329,31.50249019,3.21236
27.46,114.41661,31.38726206,3.20061
27.48,114.50005,31.3806916,3.19994
27.5,114.5833,31.50307859,3.21242
27.52,114.66667,31.48032717,3.2101
27.54,114.75004,31.46826499,3.20887
27.56,114.8333,31.48013103,3.21008
27.58,114.91661,31.47944457,3.21001
27.6,115.00005,31.62997664,3.22536
27.62,115.08336,31.58319892,3.22059
27.64,115.16668,31.64439242,3.22683
27.66,115.25005,31.59006358,3.22129
27.68,115.3333,31.62085646,3.22443
27.7,115.41661,31.75403077,3.23801
27.72,115.50005,31.7129409,3.23382
27.74,115.58335,31.67567563,3.23002
27.76,115.66667,31.70156519,3.23266
27.78,115.75005,31.79561096,3.24225
27.8,115.83336,31.79865102,3.24256
27.82,115.91662,31.73226,3.23579
27.84,115.99999,31.62517139,3.22487
27.86,116.0833,31.62723078,3.22508
27.88,116.16655,31.43845277,3.20583
27.9,116.24998,31.41334775,3.20327
27.92,116.33329,31.52759522,3.21492
27.94,116.41667,31.6784215,3.2303
27.96,116.50004,31.68920881,3.2314
27.98,116.58336,31.53181208,3.21535
28,116.66667,31.55593644,3.21781
28.02,116.75005,31.48493629,3.21057
28.04,116.8333,31.49758687,3.21186
28.06,116.91661,31.49788107,3.21189
28.08,116.99999,31.5378922,3.21597
28.1,117.0833,31.64184269,3.22657
28.12,117.16668,31.50562832,3.21268
28.14,117.25011,31.44325803,3.20632
28.16,117.33342,31.46855919,3.2089
28.18,117.41674,31.5171021,3.21385
28.2,117.50011,31.43639337,3.20562
28.22,117.5833,31.17749781,3.17922
28.24,117.66661,30.80602191,3.14134
28.26,117.74993,30.52378652,3.11256
28.28,117.8333,27.76154742,2.83089
28.3,117.91661,11.12888062,1.13483
28.32,118.00005,0.284294784,0.02899
28.34,118.08336,-2.398216258,-0.24455
28.36,118.16667,-2.020366033,-0.20602
28.38,118.25011,-1.360868821,-0.13877
28.4,118.33336,-1.00449516,-0.10243
28.42,118.41667,-1.04342756,-0.1064
28.44,118.50011,-1.042348829,-0.10629
28.46,118.58337,-1.05548974,-0.10763
28.48,118.66667,-0.982528264,-0.10019
28.5,118.75005,-1.05352841,-0.10743
28.52,118.8333,-0.999101502,-0.10188
28.54,118.91655,-0.976840407,-0.09961
28.56,118.99993,-1.029796317,-0.10501
28.58,119.0833,-1.041270097,-0.10618
28.6,119.16667,-1.050096082,-0.10708
28.62,119.25004,-0.956246442,-0.09751
28.64,119.33336,-1.004397093,-0.10242
28.66,119.41668,-1.20425662,-0.1228
28.68,119.50005,-1.241423824,-0.12659
28.7,119.5833,-1.063138927,-0.10841
28.72,119.66655,-1.035091908,-0.10555
28.74,119.74998,-1.090205281,-0.11117
28.76,119.83329,-1.056470405,-0.10773
28.78,119.91668,-1.041956563,-0.10625
28.8,120.00005,-1.006750689,-0.10266
28.82,120.08335,-1.046957954,-0.10676
28.84,120.16667,-1.038328102,-0.10588
28.86,120.25005,-0.906036394,-0.09239
28.88,120.33329,-1.007633288,-0.10275
28.9,120.41661,-1.152575575,-0.11753
28.92,120.49999,-1.098835133,-0.11205
28.94,120.58323,-1.095795071,-0.11174
28.96,120.66661,-1.04372176,-0.10643
28.98,120.74999,-1.109328248,-0.11312
29,120.83329,-1.137081068,-0.11595
29.02,120.91667,-1.249955609,-0.12746
29.04,121.00005,-1.172581141,-0.11957
29.06,121.08336,-1.109818581,-0.11317
29.08,121.16667,-1.203864354,-0.12276
29.1,121.25004,-1.004789359,-0.10246
29.12,121.3333,-0.908978389,-0.09269
29.14,121.41661,-0.970564151,-0.09897
29.16,121.49998,-1.064217658,-0.10852
29.18,121.5833,-1.008613953,-0.10285
29.2,121.6666,-1.063923459,-0.10849
29.22,121.75005,-1.183172323,-0.12065
29.24,121.83336,-1.170717877,-0.11938
29.26,121.91667,-1.19278284,-0.12163
29.28,122.00011,-1.02803112,-0.10483
29.3,122.08336,-0.840920238,-0.08575
29.32,122.16668,-0.728241829,-0.07426
29.34,122.25005,-0.962130432,-0.09811
29.36,122.3333,-1.060098865,-0.1081
29.38,122.41662,-0.852492085,-0.08693
29.4,122.50005,-0.874655114,-0.08919
29.42,122.58336,-1.004887426,-0.10247
29.44,122.66668,-1.009888817,-0.10298
29.46,122.7501,-1.125116955,-0.11473
29.48,122.83336,-1.224066053,-0.12482
29.5,122.91667,-1.281827222,-0.13071
29.52,123.00004,-1.346551112,-0.13731
29.54,123.08329,-1.341059388,-0.13675
29.56,123.16661,-1.250151742,-0.12748
29.58,123.24998,-1.07706437,-0.10983
29.6,123.3333,-1.106092054,-0.11279
29.62,123.4166,-1.244267752,-0.12688
29.64,123.50012,-1.05715687,-0.1078
29.66,123.58342,-0.967622156,-0.09867
29.68,123.66674,-1.068042252,-0.10891
29.7,123.75011,-1.176111535,-0.11993
29.72,123.83336,-1.140023063,-0.11625
29.74,123.9166,-1.160715094,-0.11836
29.76,123.99998,-1.137375267,-0.11598
29.78,124.08324,-1.016557339,-0.10366
29.8,124.16654,-0.917510174,-0.09356
29.82,124.24998,-0.932220149,-0.09506
29.84,124.3333,-1.068336451,-0.10894
29.86,124.41661,-1.142965058,-0.11655
29.88,124.50005,-1.12021363,-0.11423
29.9,124.58336,-1.08687102,-0.11083
29.92,124.66667,-1.113741241,-0.11357
29.94,124.75004,-1.142866991,-0.11654
29.96,124.83336,-0.989000653,-0.10085
29.98,124.91661,-1.080398631,-0.11017
30,124.99998,-1.035778373,-0.10562
30.02,125.08322,-1.027148521,-0.10474
30.04,125.16654,-1.056764604,-0.10776
30.06,125.24999,-1.102659726,-0.11244
30.08,125.33329,-1.066277055,-0.10873
30.1,125.41667,-1.176896067,-0.12001
30.12,125.50004,-1.150908444,-0.11736
30.14,125.58335,-1.258095129,-0.12829
30.16,125.66666,-1.219162728,-0.12432
30.18,125.75003,-1.342530385,-0.1369
30.2,125.83335,-1.21014061,-0.1234
30.22,125.9166,-1.122371093,-0.11445
30.24,125.99992,-1.013125012,-0.10331
30.26,126.08322,-1.096481537,-0.11181
30.28,126.16654,-1.2160246,-0.124
30.3,126.25004,-1.23956056,-0.1264
30.32,126.33336,-1.346845311,-0.13734
30.34,126.41673,-1.303009586,-0.13287
30.36,126.5001,-1.146495452,-0.11691
30.38,126.58335,-1.054312942,-0.10751
30.4,126.6666,-1.052351612,-0.10731
30.42,126.74998,-1.241227691,-0.12657
30.44,126.83324,-1.247013614,-0.12716
30.46,126.91661,-1.185133653,-0.12085
30.48,127.00004,-1.155713703,-0.11785
30.5,127.08343,-1.127960883,-0.11502
30.52,127.1668,-1.015478608,-0.10355
30.54,127.25017,-1.102855859,-0.11246
30.56,127.33336,-0.958305838,-0.09772
30.58,127.4166,-0.956932907,-0.09758
30.6,127.49991,-1.06137373,-0.10823
30.62,127.58322,-1.036955171,-0.10574
30.64,127.66654,-1.036955171,-0.10574
30.66,127.74998,-0.985176059,-0.10046
30.68,127.83336,-1.000082167,-0.10198
30.7,127.91666,-1.208767679,-0.12326
30.72,128.0001,-1.341647787,-0.13681
30.74,128.08341,-1.25750673,-0.12823
30.76,128.16667,-1.201510758,-0.12252
30.78,128.25011,-1.328604942,-0.13548
30.8,128.33335,-1.23985476,-0.12643
30.82,128.41666,-1.095010539,-0.11166
30.84,128.49999,-1.10619012,-0.1128
30.86,128.5833,-1.047056021,-0.10677
30.88,128.66661,-1.070003582,-0.10911
30.9,128.75005,-1.104817189,-0.11266
30.92,128.83335,-1.152183309,-0.11749
30.94,128.91667,-1.085694222,-0.11071
30.96,129.00004,-1.119723297,-0.11418
30.98,129.08335,-1.142082459,-0.11646
31,129.16661,-0.999395702,-0.10191
31.02,129.24998,-1.048723151,-0.10694
31.04,129.33329,-1.045094691,-0.10657
31.06,129.4166,-1.105797854,-0.11276
31.08,129.49998,-1.068042252,-0.10891
31.1,129.58328,-1.016165073,-0.10362
31.12,129.6666,-0.972231281,-0.09914
31.14,129.75005,-1.086380687,-0.11078
31.16,129.83336,-1.308403243,-0.13342
31.18,129.91667,-1.175719269,-0.11989
31.2,130.00004,-0.897308475,-0.0915
31.22,130.08329,-0.971642882,-0.09908
31.24,130.16661,-1.076672104,-0.10979
31.26,130.24998,-1.199059096,-0.12227
31.28,130.3333,-1.070788114,-0.10919
31.3,130.4166,-0.977232673,-0.09965
31.32,130.49997,-0.832976851,-0.08494
31.34,130.58335,-0.894758746,-0.09124
31.36,130.66666,-1.117761967,-0.11398
31.38,130.75004,-1.101777128,-0.11235
31.4,130.83336,-1.056176205,-0.1077
31.42,130.91668,-1.116683236,-0.11387
31.44,131.00005,-1.234559169,-0.12589
31.46,131.0833,-1.219554994,-0.12436
31.48,131.16661,-1.026854322,-0.10471
31.5,131.24998,-0.840429905,-0.0857
31.52,131.33324,-0.819247541,-0.08354
31.54,131.41661,-0.936633142,-0.09551
31.56,131.49998,-0.999199569,-0.10189
31.58,131.58335,-1.087949751,-0.11094
31.6,131.66666,-1.084125158,-0.11055
31.62,131.75011,-0.90613446,-0.0924
31.64,131.83336,-0.971054483,-0.09902
31.66,131.91667,-1.036759038,-0.10572
31.68,132.00005,-1.10648432,-0.11283
31.7,132.0833,-1.391465569,-0.14189
31.72,132.16661,-1.33595993,-0.13623
31.74,132.25004,-1.337038661,-0.13634
31.76,132.33329,-1.274276101,-0.12994
31.78,132.41661,-1.105503655,-0.11273
31.8,132.50004,-1.064021525,-0.1085
31.82,132.58335,-1.077750835,-0.1099
31.84,132.66667,-1.202001091,-0.12257
31.86,132.75011,-1.098050601,-0.11197
31.88,132.83335,-1.03558224,-0.1056
31.9,132.9166,-1.183662655,-0.1207
31.92,132.99997,-1.070199715,-0.10913
31.94,133.08329,-1.090989813,-0.11125
31.96,133.16668,-1.10256166,-0.11243
31.98,133.25005,-0.987431589,-0.10069
32,133.33336,-1.047546353,-0.10682
32.02,133.41673,-1.107464985,-0.11293
32.04,133.50016,-1.105111389,-0.11269
32.06,133.58342,-1.070395848,-0.10915
32.08,133.66667,-1.157380833,-0.11802
32.1,133.74998,-1.123155625,-0.11453
32.12,133.83329,-1.050194149,-0.10709
32.14,133.91654,-1.040583632,-0.10611
32.16,133.99998,-1.116879369,-0.11389
32.18,134.08328,-1.086674887,-0.11081
32.2,134.16666,-1.140219196,-0.11627
32.22,134.2501,-1.064217658,-0.10852
32.24,134.33342,-1.06696352,-0.1088
32.26,134.41667,-1.138453999,-0.11609
32.266,134.44173,-1.167579749,-0.11906
